SKU \ QTY,QTY,Cost,Date,Supplier,Invoice
TPO513058,0.0,4.0,,,
ASH30-00-001,0.0,6.3,,,
ASHCA9054,0.0,2.64,,,
GRTSC104,0.0,5.77,,,
VARPS287,0.0,1.79,,,
GRTRY330,0.0,10.63,,,
PRE3459,0.0,1.63,,,
PRE2146,0.0,1.09,,,
PRE2146,0.0,1.13,,,
VARK7258,0.0,3.0,,,
VARSB364,0.0,2.74,,,
SAFK7450A,0.0,3.6,,,
CAF38082,0.0,4.03,,,
VAR9006XS,0.0,1.24,,,
ASH10-ECO023,0.0,2.18,,,
ASH20-09-910,0.0,2.67,,,
ASH20-00-008,0.0,4.1,,,
ASHCF10747,0.0,2.76,,,
AYDK3185,0.0,3.08,,,
ASH30-00-007,0.0,5.02,,,
ASH10-ECO067,0.0,2.08,,,
ASHCH001S,0.0,78.65,,,
VARB8305,0.0,4.0,,,
VAR5080243-RUL,0.0,5.12,,,
VAR5080422AA,0.0,4.59,,,
UPREV405,0.0,2.9,,,
AYDES3474,0.0,4.84,,,
WES2927,0.0,10.55,,,
WES2927,0.0,11.42,,,
WIXFT1122,0.0,5.21,,,
ANO2849,0.0,2.0,,,
ANO2849,0.0,2.52,,,
VARSG214021,0.0,7.04,,,
AYDES3571,0.0,3.96,,,
ASHD856,0.0,4.42,,,
OEM10-ECO053,0.0,5.86,,,
VAR5014986AA,0.0,1.28,,,
DSP932301,0.0,18.41,,,
TPOA49,0.0,3.09,,,
OEM525100,0.0,30.09,,,
VMO68027611AA,0.0,44.54,,,
VMO68027611AA,0.0,45.99,,,
MARB1019,0.0,3.19,,,
GRTTX71,0.0,1.89,,,
DEA2928,0.0,7.66,,,
DEA2928,0.0,7.91,,,
DEA2928,0.0,8.29,,,
VARSG314049,0.0,3.98,,,
DAYK061030,0.0,6.34,,,
VAR902-302,0.0,13.94,,,
MAR68027611AB,0.0,18.64,,,
MAR68027611AB,0.0,19.25,,,
MAR68027611AB,0.0,20.17,,,
VAR4228564,0.0,0.7,,,
MAR4796016,0.0,8.67,,,
VARA5420,0.0,13.6,,,
WES2925,0.0,17.54,,,
VARD658,0.0,3.59,,,
VAR5014983AA,0.0,8.33,,,
GRTPSS3,0.0,23.38,,,
AYDK200216,0.0,0.76,,,
GRTAC420,0.0,5.63,,,
VARH6054E,0.0,3.63,,,
EIKH6054,0.0,8.73,,,
MAR4897159AB,0.0,17.03,,,
VAR5080146AA,0.0,8.21,,,
VAR5080146AA,0.0,8.95,,,
AYD5105271AA,0.0,8.15,,,
TPO513084,0.0,15.07,,,
OEM68020255AB,0.0,8.56,,,
VAR5066786AA,0.0,1.57,,,
VAR5014060AA,0.0,6.37,,,
VAR5066784AA,0.0,6.6,,,
VAR26208PT,0.0,5.09,,,
VAR26209PT,0.0,5.09,,,
VAR95157100,0.0,11.33,,,
OEM4885463AA,0.0,8.55,,,
STA10234,0.0,2.87,,,
OEM52079881,0.0,6.84,,,
VAR5066901AA,0.0,4.7,,,
AYDES3614,0.0,2.81,,,
MARK7450A,0.0,3.98,,,
AYDK3167A,0.0,3.85,,,
TPO510090,0.0,7.07,,,
CAF5080319,0.0,3.97,,,
OEMPH16,0.0,2.6,,,
VMO5066806AA,0.0,0.36,,,
MAR4861630AA,0.0,16.99,,,
GRTDR323,0.0,0.94,,,
GRTDR460,0.0,3.55,,,
WES2949,0.0,9.26,,,
ENT932301,0.0,12.13,,,
ENT932301,0.0,12.61,,,
FEBK200209,0.0,1.05,,,
MAR5080243AA,0.0,13.44,,,
VAR52101277AA,0.0,1.2,,,
MAR3131,0.0,8.49,,,
VAR52088251AB,0.0,13.44,,,
VAR52089516AB,0.0,2.03,,,
OEM5006124AB,0.0,3.1,,,
OEMCH10955,0.0,2.85,,,
OEM56041080AB,0.0,25.59,,,
EGL2928I,0.0,4.7,,,
EGL3019I,0.0,5.68,,,
EGL3019I,0.0,6.86,,,
PBG68065294AA,0.0,69.35,,,
PBG68065294AA,0.0,70.15,,,
VARTS633,0.0,1.89,,,
AYDK3134/85KIT,0.0,5.22,,,
WES2948,0.0,9.79,,,
DOR14044,0.0,14.14,,,
ASHB777,0.0,10.47,,,
ASHPA1056,0.0,12.82,,,
ASHPA1056,0.0,21.01,,,
ASHPA1056,0.0,22.79,,,
ASHPA1056,0.0,23.67,,,
ASH5093911AB,0.0,22.23,,,
BGATBK465,0.0,37.13,,,
BGATBK465,0.0,38.34,,,
BGATBK465,0.0,39.82,,,
OEM82208300,0.0,25.44,,,
OEM82208300,0.0,26.42,,,
VAR902-301,0.0,15.73,,,
AYD52114354AA-B,0.0,8.49,,,
VMO5093890AA,0.0,95.04,,,
EGL2949I,0.0,5.82,,,
VAR52088425,0.0,1.47,,,
VAR55038729AA,0.0,9.61,,,
DOR924704,0.0,45.04,,,
UPRES3538,0.0,4.44,,,
VMO68031574AA,0.0,66.27,,,
UPRK6696,0.0,3.97,,,
UPRK7433,0.0,2.68,,,
UPR5006148AA,0.0,6.46,,,
OEM68188865AA,0.0,34.68,,,
VAR1808202,0.0,4.19,,,
VAR1808202,0.0,4.23,,,
UPR7681,0.0,5.16,,,
BGATBK502,0.0,46.35,,,
OEM55111302AA,0.0,7.28,,,
VAR2091EH4,0.0,2.52,,,
DOR5080529AD,0.0,18.43,,,
VAR746259,0.0,8.81,,,
SAF41188,0.0,0.13,,,
VARCH1310142,0.0,16.56,,,
GATAW5049,0.0,25.31,,,
VAR55037730AD,0.0,15.28,,,
VAR55037730AD,0.0,16.54,,,
ASH71592,0.0,19.43,,,
DSPOJ1680,0.0,9.92,,,
ENT932301BOOT,0.0,2.44,,,
ENT932301BOOT,0.0,2.54,,,
VAR5293163AA,0.0,1.75,,,
WESEM2947,0.0,13.43,,,
VARPC127,0.0,13.13,,,
BGA52089301AC,0.0,50.0,,,
VAR4720277AA,0.0,4.33,,,
VAR5006089AA,0.0,1.5,,,
OEMPH3614,0.0,2.86,,,
VAR2091EH1,0.0,2.52,,,
VAR55135878AF,0.0,1.95,,,
VAR55135879AF,0.0,1.95,,,
VAR55135890AF,0.0,1.95,,,
VAR55135891AF,0.0,1.95,,,
VAR5066784AB,0.0,6.4,,,
VARLIFTKIT7-5,0.0,26.24,,,
VARLIFTKITXJ,0.0,15.03,,,
DSP932306,0.0,26.84,,,
VARLIFTKIT7-5P,0.0,18.0,,,
VARLIFTKIT7-5P,0.0,26.56,,,
VARLIFTKIT7-7P,0.0,27.68,,,
VARLIFTKIT7-7,0.0,27.52,,,
ASH72401,0.0,13.55,,,
VARLIFTKIT13-6,0.0,30.99,,,
VMO68029496AA,0.0,60.05,,,
VMO68028074AA,0.0,101.81,,,
VMOPH8316,0.0,4.46,,,
UPRES3472,0.0,4.85,,,
UPRES3473,0.0,4.59,,,
VARPS317,0.0,6.8,,,
MAR5083288AA,0.0,13.78,,,
MAR5083288AA,0.0,14.23,,,
OEM68088259AB,0.0,4.79,,,
VARD841,0.0,6.37,,,
VMO68031571AA,0.0,0.41,,,
VAR4668519AE,0.0,54.98,,,
VARK5208,0.0,8.06,,,
DOR932301,0.0,14.24,,,
DOR932301,0.0,28.75,,,
MAR4743974AE,0.0,38.25,,,
CAF5050312AA,0.0,5.89,,,
MARALS1918,0.0,7.15,,,
SAFFT1214,0.0,7.83,,,
OEM4578190AE,0.0,64.51,,,
VAR30-K0-018,0.0,3.17,,,
VAR55079049AA,0.0,0.6,,,
UPRES80643,0.0,4.16,,,
UPRES80644,0.0,3.84,,,
UPRK500190,0.0,6.2,,,
UPRAS201,0.0,8.92,,,
UPR38158,0.0,13.0,,,
VAR41138,0.0,0.14,,,
ACEFD503,0.0,2.86,,,
MOGK3166,0.0,11.59,,,
VAR21-CH-CH1,0.0,2.37,,,
AYDES3173,0.0,2.53,,,
AYDK201551,0.0,1.54,,,
AYDK500250,0.0,2.07,,,
AYDES3475,0.0,4.84,,,
VAR38082,0.0,4.15,,,
VAR5080430AA,0.0,7.89,,,
VAR4891705AC,0.0,10.93,,,
VAR55037790AE,0.0,13.43,,,
VAR4891782AB,0.0,10.69,,,
VAR5066833AB,0.0,6.14,,,
VAR5066882AA,0.0,5.67,,,
CARH7302,0.0,5.1,,,
VAR38185,0.0,16.42,,,
VAR68027602AA,0.0,13.94,,,
MAR55136764AA,0.0,1.7,,,
MAR901384,0.0,1.86,,,
MAR4589606AA,0.0,1.79,,,
MARSG214056,0.0,2.71,,,
MAR55394323AA,0.0,2.23,,,
MARSG314048,0.0,1.73,,,
MARSG214045,0.0,2.66,,,
MAR8194205,0.0,2.67,,,
MAR5152205AA,0.0,1.69,,,
MARSG414049,0.0,1.69,,,
VAR68027600AA,0.0,3.86,,,
VAR68027600AA,0.0,3.99,,,
WES3026,0.0,30.04,,,
VMO68092301AA,0.0,33.93,,,
VARLP055,0.0,2.24,,,
ANOEM3169,0.0,19.98,,,
ANOEM3169,0.0,21.62,,,
MAR5139836AB,0.0,2.58,,,
UPR5085417AD,0.0,2.86,,,
UPRRU352,0.0,5.5,,,
OEM68191349AB,0.0,4.19,,,
UPRALS2248,0.0,8.04,,,
ENT263003790,0.0,4.62,,,
VAR53013935AB,0.0,0.45,,,
ASHAW7163,0.0,17.56,,,
ASHK200171,0.0,1.1,,,
ASH5086581AA,0.0,25.32,,,
WESEM3179,0.0,24.05,,,
VARLIFTKITWK,0.0,65.28,,,
ENT5166925AB,0.0,15.61,,,
AYDK3134,0.0,3.84,,,
AYD68140000AA,0.0,1.27,,,
AYDK200161,0.0,1.1,,,
DEA2928I,0.0,1.9,,,
DEAA5420I,0.0,2.44,,,
MAR5278203AB,0.0,2.76,,,
MAR5184570AH,0.0,6.68,,,
MAR5184651AF,0.0,5.24,,,
MAR5072705AB,0.0,10.33,,,
MAR5072705AB,0.0,10.73,,,
MAR68045469AA,0.0,14.25,,,
MAR68045469AA,0.0,14.8,,,
MAR68028074AA,0.0,10.69,,,
MAR68158444AA,0.0,7.81,,,
MAR68253457AA,0.0,8.44,,,
MAR68253457AA,0.0,9.05,,,
MAR68031574AA,0.0,9.97,,,
MAR4792612AB,0.0,2.92,,,
MAR4884569AC,0.0,13.78,,,
MAR902-302,0.0,5.1,,,
VAR5273382AB,0.0,19.2,,,
VARK200863,0.0,1.65,,,
VAR52080262AA,0.0,15.75,,,
ANO3049,0.0,19.18,,,
UPR5116079AA,0.0,1.86,,,
UPR525118,0.0,24.76,,,
MAR48718,0.0,5.86,,,
NAT3459,0.0,2.0,,,
VAR2949,0.0,7.68,,,
VAR924297,0.0,15.0,,,
WIXCA10228,0.0,3.29,,,
VAR5080482AB,0.0,3.07,,,
VAR5080482AB,0.0,3.17,,,
VAR5080482AB,0.0,3.29,,,
VAR5140799AA,0.0,4.84,,,
VAR5140799AA,0.0,5.19,,,
SKV68013182AC,0.0,52.2,,,
VAR5179360AB,0.0,11.37,,,
VAR5166925AB,0.0,7.94,,,
ASHK500120,0.0,3.39,,,
ANO3186A,0.0,29.26,,,
ANO3186A,0.0,31.38,,,
ASH903926,0.0,7.8,,,
OEM5156106AF,0.0,94.39,,,01042020
OEMATF+4,0.0,4.23,,,AM1
OEM4883395AA,0.0,3.6,,,AM1
VMO4883395AA,0.0,4.51,,,AM1
SAF41188,0.0,0.73,,,AM1
ANO2948,0.0,13.77,,,AM1
ANOEM3169,0.0,21.07,,,AM1
MARSG314048,0.0,2.33,,,AM1
WES2949,0.0,10.26,,,AM1
MAR8194205,0.0,3.27,,,AM1
DOR14044,0.0,15.05,,,AM1
VARPS317,0.0,5.82,,,AM1
DAYTBK465,0.0,46.67,,,AM1
VAR55135891AF,0.0,2.55,,,AM1
VAR55135879AF,0.0,2.55,,,AM1
VAR55135878AF,0.0,2.55,,,AM1
VAR55135890AF,0.0,2.55,,,AM1
ASH10-ECO067,0.0,2.68,,,AM1
VAR10-ECO067,0.0,5.61,,,AM1
UPR38082,0.0,3.33,,,AM1
OEM68188865AA,0.0,33.99,,,AM1
VARLIFTKIT7-7P,0.0,28.32,,,AM1
MAR901384,0.0,2.33,,,AM1
ANOEM3179,0.0,20.15,,,AM1
VARLIFTKIT3-35P,0.0,23.69,,,AM1
TPOA49,0.0,3.69,,,AM1
UPRRU352,0.0,6.1,,,AM1
OEM4891898AB,0.0,32.81,,,AM1
UPRK7411,0.0,5.21,,,AM1
SES72401,0.0,20.18,,,AM1
OEM5156106AF,0.0,94.99,,,AM1
DNJOS30693R,0.0,23.89,,,AM1
BGAK7258,0.0,5.57,,,AM1
UPRK500190,0.0,6.8,,,AM1
MAR68045469AA,0.0,14.4,,,AM1
ASH5086581AA,0.0,25.92,,,AM1
GRTPSS3,0.0,15.26,,,AM1
DSP932306,0.0,27.22,,,AM1
AYD52114354AA-B,0.0,8.52,,,AM1
AYD5105271AA,0.0,8.75,,,AM1
VAR26209PT,0.0,5.69,,,AM1
GRTRU352,0.0,7.88,,,AM-2
AEX2948,0.0,15.74,,,AM-2
VARSUZJ1,0.0,13.668116,,,AM2
DEA2928,0.0,8.328116,,,AM2
EGL3019I,0.0,10.208116,,,AM2
WES2927,0.0,12.408116,,,AM2
OEMATF+4,0.0,4.298116,,,AM2
VAR55037730AD,0.0,83.618116,,,AM2
MARSG314048,0.0,2.398116,,,AM2
VAR55056639AE,0.0,10.038116,,,AM2
ASH5072440AB,0.0,16.683116,,,AM2
VAR5166925AB,0.0,8.008116,,,AM2
OEM5140798AA,0.0,32.208116,,,AM2
VARK200160,0.0,2.838116,,,AM2
UPR525118,0.0,27.993116,,,AM2
OEM10-ECO067,0.0,9.873116,,,AM2
DSP932301BOOT,0.0,5.148116,,,AM2
MAR901384,0.0,2.398116,,,AM2
UPRAS201,0.0,10.523116,,,AM2
VARLIFTKIT13-6P,0.0,33.178116,,,AM2
ASH30-00-001,0.0,6.968116,,,AM2
UPRES3474,0.0,5.858116,,,AM2
AYDES3475,0.0,5.508116,,,AM2
OEM53013672AE,0.0,86.358116,,,AM2
VAR52080262AA,0.0,16.668116,,,AM2
OEM5156106AF,0.0,95.988116,,,AM2
GRTRY330,0.0,17.628116,,,AM2
UPRK6696,0.0,5.048116,,,AM2
OEM4891898AB,0.0,34.018116,,,AM2
SMPLS201,0.0,16.268116,,,AM2
ANO2948,0.0,13.598116,,,AM2
VMO68031574AA,0.0,66.938116,,,AM2
ASH10-ECO021,0.0,2.478116,,,AM2
UPR5116079AA,0.0,1.86,,,AM2
ANO3186A,0.0,31.38,,,AM2
VMO68027611AA,0.0,45.99,,,AM2
VAR75W140,0.0,5.4,,,AM2
ENT53005541,0.0,61.44,,,am-noklidusais kardans
OEMATF+4,0.0,4.0,,,16.07.2020
MAR68045469AA,0.0,14.8,,,17.07.2020
ENT932301,0.0,12.61,,,20.07.2020
DSP932301BOOT,0.0,5.14,,,29.07.2020
PRE2146,0.0,1.13,,,03.08.2020
VAR53013935AB,0.0,0.45,2020-08-11,AUTOMETRO.LV,AM3
VARLP043,0.0,1.58,2020-08-11,AUTOMETRO.LV,AM3
DOR14044,0.0,14.14,2020-08-11,AUTOMETRO.LV,AM3
OEM4318060AD,0.0,4.83,2020-08-11,AUTOMETRO.LV,AM3
SAF41188,0.0,0.13,2020-08-11,AUTOMETRO.LV,AM3
OEM5156106AF,0.0,94.39,2020-08-11,AUTOMETRO.LV,AM3
VAR55135891AF,0.0,1.95,2020-08-11,AUTOMETRO.LV,AM3
VAR55135890AF,0.0,1.95,2020-08-11,AUTOMETRO.LV,AM3
VAR55135879AF,0.0,1.95,2020-08-11,AUTOMETRO.LV,AM3
VAR55135878AF,0.0,1.95,2020-08-11,AUTOMETRO.LV,AM3
DEA2928,0.0,8.29,2020-08-11,AUTOMETRO.LV,AM3
DEA2927,0.0,6.49,2020-08-11,AUTOMETRO.LV,AM3
ENT932301,0.0,12.61,2020-08-11,AUTOMETRO.LV,AM3
DAYK061030,0.0,6.34,2020-08-11,AUTOMETRO.LV,AM3
TPOA49,0.0,3.09,2020-08-11,AUTOMETRO.LV,AM3
UPRK3137,0.0,2.94,2020-08-11,AUTOMETRO.LV,AM3
VARLIFTKIT13-6P,0.0,34.65,2020-08-11,AUTOMETRO.LV,AM3
OEM53013672AE,0.0,83.228063,2020-08-11,AUTOMETRO.LV,AM3
VAR5080430AA,0.0,7.89,2020-08-11,AUTOMETRO.LV,AM3
DEA2928I,0.0,1.9,2020-08-11,AUTOMETRO.LV,AM3
ENT932301BOOT,0.0,2.54,2020-08-11,AUTOMETRO.LV,AM3
GRTPS287,0.0,2.86,2020-08-11,AUTOMETRO.LV,AM3
UPRK7450A,0.0,4.91,2020-08-11,AUTOMETRO.LV,AM3
VAREM973,0.0,4.0,2020-08-11,AUTOMETRO.LV,AM3
VAR4891705AC,0.0,10.93,2020-08-11,AUTOMETRO.LV,AM3
PRE2146,0.0,1.13,2020-08-11,AUTOMETRO.LV,AM3
STA10234,0.0,2.87,2020-08-11,AUTOMETRO.LV,AM3
VAR52080262AA,0.0,15.75,2020-08-11,AUTOMETRO.LV,AM3
VAR52101277AA,0.0,1.2,2020-08-11,AUTOMETRO.LV,AM3
SMPRY330,0.0,0.0,2020-08-11,AUTOMETRO.LV,AM3
AYDES3173,0.0,2.53,2020-08-11,AUTOMETRO.LV,AM3
DEA2928,0.0,8.29,2020-08-24,AUTOMETRO.LV,24.08.2020
DOR14044,0.0,13.662717,2020-09-11,AUTOMETRO.LV,AM9
WES2928,0.0,9.769384,2020-09-11,AUTOMETRO.LV,AM9
ENT932301,0.0,13.162717,2020-09-11,AUTOMETRO.LV,AM9
OEM4318060AD,0.0,6.832826,2020-09-11,AUTOMETRO.LV,AM9
DAYK061030,0.0,6.752717,2020-09-11,AUTOMETRO.LV,AM9
VARLIFTKIT7-5P,0.0,25.145257,2020-09-11,AUTOMETRO.LV,AM9
VARLIFTKIT7-7P,0.0,27.602765,2020-09-11,AUTOMETRO.LV,AM9
OEM53013672AE,0.0,75.542717,2020-09-11,AUTOMETRO.LV,AM9
VAR68027600AA,0.0,3.972717,2020-09-11,AUTOMETRO.LV,AM9
VAR5080430AA,0.0,8.102717,2020-09-11,AUTOMETRO.LV,AM9
DSP932301BOOT,0.0,5.142717,2020-09-11,AUTOMETRO.LV,AM9
BGA52089301AC,0.0,50.662717,2020-09-11,AUTOMETRO.LV,AM9
VMO4883395AA,0.0,4.648611,2020-09-11,AUTOMETRO.LV,AM9
GRTPSS3,0.0,10.922717,2020-09-11,AUTOMETRO.LV,AM9
GRTAS201,0.0,13.222717,2020-09-11,AUTOMETRO.LV,AM9
ENT52088251,0.0,16.122717,2020-09-11,AUTOMETRO.LV,AM9
GRTPS287,0.0,3.852717,2020-09-11,AUTOMETRO.LV,AM9
MARSG314048,0.0,2.392717,2020-09-11,AUTOMETRO.LV,AM9
VAR55037730AD,0.0,15.942717,2020-09-11,AUTOMETRO.LV,AM9
VARSUZJ1,0.0,13.844832,2020-09-11,AUTOMETRO.LV,AM9
MAR68031574AA,0.0,10.632717,2020-09-11,AUTOMETRO.LV,AM9
MAR5278203AB,0.0,3.382717,2020-09-11,AUTOMETRO.LV,AM9
MAR68045469AA,0.0,14.462717,2020-09-11,AUTOMETRO.LV,AM9
VAR5166925AB,0.0,8.002717,2020-09-11,AUTOMETRO.LV,AM9
GRTRU352,0.0,8.762717,2020-09-11,AUTOMETRO.LV,AM9
OEM5140798AA,0.0,32.632717,2020-09-11,AUTOMETRO.LV,AM9
DSP932306,0.0,27.482717,2020-09-11,AUTOMETRO.LV,AM9
VARSB364,0.0,3.402717,2020-09-11,AUTOMETRO.LV,AM9
VAR5066901AA,0.0,5.362717,2020-09-11,AUTOMETRO.LV,AM9
UPRES3473,0.0,5.252717,2020-09-11,AUTOMETRO.LV,AM9
VAR55135878AF,0.0,2.612717,2020-09-11,AUTOMETRO.LV,AM9
VAR55135879AF,0.0,2.612717,2020-09-11,AUTOMETRO.LV,AM9
VAR55135890AF,0.0,2.612717,2020-09-11,AUTOMETRO.LV,AM9
VAR55135891AF,0.0,2.612717,2020-09-11,AUTOMETRO.LV,AM9
VAR746259,0.0,9.472717,2020-09-11,AUTOMETRO.LV,AM9
AYD5105271AA,0.0,8.812717,2020-09-11,AUTOMETRO.LV,AM9
MAR5139836AB,0.0,3.242717,2020-09-11,AUTOMETRO.LV,AM9
VAR5179360AB,0.0,31.712717,2020-09-11,AUTOMETRO.LV,AM9
GRTRY330,0.0,12.502717,2020-09-11,AUTOMETRO.LV,AM9
VAR55037790AE,0.0,14.092717,2020-09-11,AUTOMETRO.LV,AM9
VAR75W140,0.0,6.062717,2020-09-11,AUTOMETRO.LV,AM9
VMO4863795,0.0,77.468293,2020-09-11,AUTOMETRO.LV,AM9
VMO5093890AA,0.0,97.939865,2020-09-11,AUTOMETRO.LV,AM9
VAR4228564,0.0,1.362717,2020-09-11,AUTOMETRO.LV,AM9
AYDK3202,0.0,3.842717,2020-09-11,AUTOMETRO.LV,AM9
VARMS93219,0.0,1.752717,2020-09-11,AUTOMETRO.LV,AM9
VARLIFTKIT3-35P,0.0,22.698031,2020-09-11,AUTOMETRO.LV,AM9
VARSP5110,0.0,5.756811,2020-09-17,AUTOMETRO.LV,AM9.1
VARSUZJ1,0.0,15.552115,2020-10-27,AUTOMETRO.LV,27.10.2020
ANOEM3169,0.0,23.99,2020-10-27,AUTOMETRO.LV,27.10.2020
AYD5105271AA,0.0,10.52,2020-10-27,AUTOMETRO.LV,27.10.2020
AYD52114354AA-B,0.0,10.86,2020-10-27,AUTOMETRO.LV,27.10.2020
MAR5072705AB,0.0,13.1,2020-10-27,AUTOMETRO.LV,27.10.2020
OEM5156106AF,0.0,96.76,2020-10-27,AUTOMETRO.LV,27.10.2020
VAR55135879AF,0.0,4.32,2020-10-27,AUTOMETRO.LV,27.10.2020
ANO3186,0.0,2.37,2020-10-27,AUTOMETRO.LV,27.10.2020
ASHK80264,0.0,5.99,2020-10-27,AUTOMETRO.LV,27.10.2020
MAR68045469AA,0.0,16.17,2020-10-27,AUTOMETRO.LV,27.10.2020
VMO68027611AA,0.0,48.36,2020-10-27,AUTOMETRO.LV,27.10.2020
EGLA5420I,0.0,8.58,2020-10-27,AUTOMETRO.LV,27.10.2020
DOR932301,0.0,31.12,2020-10-27,AUTOMETRO.LV,27.10.2020
AYDES3173,0.0,4.9,2020-10-27,AUTOMETRO.LV,27.10.2020
OEM10-ECO067,0.0,11.088398,2020-10-27,AUTOMETRO.LV,27.10.2020
DOR14044,0.0,15.37,2020-10-27,AUTOMETRO.LV,27.10.2020
DOR14044,0.0,13.0,2020-10-27,AUTOMETRO.LV,27.10.2020(2)
VARSUZJ1,0.0,13.182115,2020-10-27,AUTOMETRO.LV,27.10.2020(2)
ANOEM3169,0.0,21.62,2020-10-27,AUTOMETRO.LV,27.10.2020(2)
OEM5156106AF,0.0,94.39,2020-10-27,AUTOMETRO.LV,27.10.2020(2)
DOR932301,0.0,28.75,2020-10-27,AUTOMETRO.LV,27.10.2020(2)
MAR5072705AB,0.0,10.73,2020-10-27,AUTOMETRO.LV,27.10.2020(2)
VMO68027611AA,0.0,45.99,2020-10-27,AUTOMETRO.LV,27.10.2020(2)
VMO68027583AA,0.0,17.54,2020-11-13,AUTOMETRO.LV,11.11.2020VM
VMO68027587AA,0.0,16.46,2020-11-13,AUTOMETRO.LV,11.11.2020VM
DOR14044,0.0,15.009881,2020-12-03,AUTOMETRO.LV,AM11.2020
WES2928,0.0,9.769881,2020-12-03,AUTOMETRO.LV,AM11.2020
ANO2948,0.0,14.329881,2020-12-03,AUTOMETRO.LV,AM11.2020
ANO2949,0.0,12.059881,2020-12-03,AUTOMETRO.LV,AM11.2020
BGATBK465,0.0,35.749963,2020-12-03,AUTOMETRO.LV,AM11.2020
OEM4318060AD,0.0,6.589881,2020-12-03,AUTOMETRO.LV,AM11.2020
VARH6054E,0.0,3.869881,2020-12-03,AUTOMETRO.LV,AM11.2020
VARLIFTKIT13-6P,0.0,32.478671,2020-12-03,AUTOMETRO.LV,AM11.2020
VARLIFTKIT7-5P,0.0,18.389881,2020-12-03,AUTOMETRO.LV,AM11.2020
VARLIFTKIT7-7,0.0,23.7761,2020-12-03,AUTOMETRO.LV,AM11.2020
OEM5156106AF,0.0,45.579881,2020-12-03,AUTOMETRO.LV,AM11.2020
WIXFT1122,0.0,4.46541,2020-12-03,AUTOMETRO.LV,AM11.2020
EGL3019I,0.0,6.789881,2020-12-03,AUTOMETRO.LV,AM11.2020
ENT932301BOOT,0.0,2.659881,2020-12-03,AUTOMETRO.LV,AM11.2020
PBG68065294AA,0.0,69.739881,2020-12-03,AUTOMETRO.LV,AM11.2020
MGM932301,0.0,17.589881,2020-12-03,AUTOMETRO.LV,AM11.2020
UPR4656465AD,0.0,6.775831,2020-12-03,AUTOMETRO.LV,AM11.2020
GRTPSS3,0.0,10.649881,2020-12-03,AUTOMETRO.LV,AM11.2020
MARSG314048,0.0,2.119881,2020-12-03,AUTOMETRO.LV,AM11.2020
UPRK7450A,0.0,5.299881,2020-12-03,AUTOMETRO.LV,AM11.2020
VARLIFTKIT13-6,0.0,27.894558,2020-12-03,AUTOMETRO.LV,AM11.2020
VARK500190,0.0,4.709881,2020-12-03,AUTOMETRO.LV,AM11.2020
VARLIFTKITXJ,0.0,12.082991,2020-12-03,AUTOMETRO.LV,AM11.2020
VMO68028074AA,0.0,102.199881,2020-12-03,AUTOMETRO.LV,AM11.2020
VARSUZJ1,0.0,13.221258,2020-12-03,AUTOMETRO.LV,AM11.2020
MAR68031574AA,0.0,10.359881,2020-12-03,AUTOMETRO.LV,AM11.2020
MAR5072705AB,0.0,10.389881,2020-12-03,AUTOMETRO.LV,AM11.2020
MAR68028074AA,0.0,8.639881,2020-12-03,AUTOMETRO.LV,AM11.2020
MAR68045469AA,0.0,11.799881,2020-12-03,AUTOMETRO.LV,AM11.2020
OEM5140798AA,0.0,31.929881,2020-12-03,AUTOMETRO.LV,AM11.2020
VAR52089516AB,0.0,2.279881,2020-12-03,AUTOMETRO.LV,AM11.2020
VARB8305,0.0,4.389881,2020-12-03,AUTOMETRO.LV,AM11.2020
VAR5093890AA,0.0,24.269881,2020-12-03,AUTOMETRO.LV,AM11.2020
DSP932306,0.0,25.683063,2020-12-03,AUTOMETRO.LV,AM11.2020
PRE2146,0.0,1.469881,2020-12-03,AUTOMETRO.LV,AM11.2020
VARSB364,0.0,3.129881,2020-12-03,AUTOMETRO.LV,AM11.2020
VARTS633,0.0,2.219881,2020-12-03,AUTOMETRO.LV,AM11.2020
GRTTX71,0.0,2.279881,2020-12-03,AUTOMETRO.LV,AM11.2020
AYDES3475,0.0,5.229881,2020-12-03,AUTOMETRO.LV,AM11.2020
AYDES3614,0.0,3.289881,2020-12-03,AUTOMETRO.LV,AM11.2020
TPOA49,0.0,3.479881,2020-12-03,AUTOMETRO.LV,AM11.2020
AYD5105271AA,0.0,8.539881,2020-12-03,AUTOMETRO.LV,AM11.2020
VAR52080262AA,0.0,16.629881,2020-12-03,AUTOMETRO.LV,AM11.2020
BGA52089301AC,0.0,50.389881,2020-12-03,AUTOMETRO.LV,AM11.2020
PRE3459,0.0,1.999881,2020-12-03,AUTOMETRO.LV,AM11.2020
VARPS317,0.0,5.609881,2020-12-03,AUTOMETRO.LV,AM11.2020
VAR5273382AB,0.0,19.409881,2020-12-03,AUTOMETRO.LV,AM11.2020
VAR55037790AE,0.0,13.819881,2020-12-03,AUTOMETRO.LV,AM11.2020
VAR75W140,0.0,5.779881,2020-12-03,AUTOMETRO.LV,AM11.2020
VMO68029496AA,0.0,60.439881,2020-12-03,AUTOMETRO.LV,AM11.2020
WES3026,0.0,24.489881,2020-12-03,AUTOMETRO.LV,AM11.2020
ANO3049,0.0,18.769881,2020-12-03,AUTOMETRO.LV,AM11.2020
VAR41138,0.0,0.519881,2020-12-03,AUTOMETRO.LV,AM11.2020
VAR5006089AA,0.0,1.889881,2020-12-03,AUTOMETRO.LV,AM11.2020
VAR4228564,0.0,1.089881,2020-12-03,AUTOMETRO.LV,AM11.2020
VARK3166,0.0,1.609881,2020-12-03,AUTOMETRO.LV,AM11.2020
UPRK3202,0.0,3.784681,2020-12-03,AUTOMETRO.LV,AM11.2020
ENTMS251007,0.0,16.189881,2020-12-03,AUTOMETRO.LV,AM11.2020
OEMATF+4,0.0,4.357344,2020-12-03,AUTOMETRO.LV,AM11.2020
OEM4891898AB,0.0,34.749881,2020-12-03,AUTOMETRO.LV,AM11.2020
VARLIFTKIT3-35P,0.0,21.129881,2020-12-03,AUTOMETRO.LV,AM11.2020
BGATBK465,0.0,33.526667,2020-12-21,AUTOMETRO.LV,11.2020 DPD
ASHPA1056,0.0,16.566667,2020-12-21,AUTOMETRO.LV,11.2020 DPD
VARLIFTKIT7-7,0.0,24.546667,2020-12-21,AUTOMETRO.LV,11.2020 DPD
ENT932301BOOT,0.0,2.796667,2020-12-21,AUTOMETRO.LV,11.2020 DPD
OEM82208300,0.0,30.046667,2020-12-21,AUTOMETRO.LV,11.2020 DPD
PBG68065294AA,0.0,69.876667,2020-12-21,AUTOMETRO.LV,11.2020 DPD
MAR8194205,0.0,3.286667,2020-12-21,AUTOMETRO.LV,11.2020 DPD
MAR55136764AA,0.0,2.226667,2020-12-21,AUTOMETRO.LV,11.2020 DPD
ANOEM3169,0.0,19.846667,2020-12-21,AUTOMETRO.LV,11.2020 DPD
VARSUZJ1,0.0,13.358044,2020-12-21,AUTOMETRO.LV,11.2020 DPD
VAR53013935AB,0.0,0.976667,2020-12-21,AUTOMETRO.LV,11.2020 DPD
MAR68028074AA,0.0,8.776667,2020-12-21,AUTOMETRO.LV,11.2020 DPD
VARSB364,0.0,8.776667,2020-12-21,AUTOMETRO.LV,11.2020 DPD
AYDES3474,0.0,5.712017,2020-12-21,AUTOMETRO.LV,11.2020 DPD
AYDES3475,0.0,5.946667,2020-12-21,AUTOMETRO.LV,11.2020 DPD
OEM52079881,0.0,12.526667,2020-12-21,AUTOMETRO.LV,11.2020 DPD
VAR5006089AA,0.0,2.026667,2020-12-21,AUTOMETRO.LV,11.2020 DPD
VAR4228564,0.0,1.226667,2020-12-21,AUTOMETRO.LV,11.2020 DPD
VAR800722,0.0,3.706667,2020-12-21,AUTOMETRO.LV,11.2020 DPD
OEM10-ECO067,0.0,10.703695,2020-12-21,AUTOMETRO.LV,11.2020 DPD
VARSB364,0.0,3.266,2020-12-23,AUTOMETRO.LV,23.12.2020
OEM4891898AB,0.0,34.36,2020-12-29,NESAKRITĪBAS,29.12.2020
AYD52114354AA-B,0.0,8.49,2020-12-29,NESAKRITĪBAS,29.12.2020
MGM932301,0.0,17.59,2021-01-07,NESAKRITĪBAS,07.01.2021
ASH512513,0.0,44.69,2021-01-11,NESAKRITĪBAS,11.01.2021 returns
VAR53013935AB,0.0,0.976667,2021-01-27,AUTOMETRO.LV,19.01.2021DPD
VAR4228564,0.0,1.226667,2021-01-27,AUTOMETRO.LV,19.01.2021DPD
VAR5006089AA,0.0,2.026667,2021-01-27,AUTOMETRO.LV,19.01.2021DPD
MGM932301,0.0,17.726667,2021-01-27,AUTOMETRO.LV,19.01.2021DPD
VARSP5110,0.0,6.283478,2021-01-27,AUTOMETRO.LV,19.01.2021DPD
MAR68028074AA,0.0,8.776667,2021-01-27,AUTOMETRO.LV,19.01.2021DPD
MAR5072705AB,0.0,10.526667,2021-01-27,AUTOMETRO.LV,19.01.2021DPD
VARSUZJ1,0.0,13.577647,2021-01-27,AUTOMETRO.LV,19.01.2021DPD
ANOEM3169,0.0,17.846667,2021-01-27,AUTOMETRO.LV,19.01.2021DPD
OEMPH16,0.0,5.024244,2021-01-27,AUTOMETRO.LV,19.01.2021DPD
MAR68045469AA,0.0,11.936667,2021-01-27,AUTOMETRO.LV,19.01.2021DPD
AYDK3134/85KIT,0.0,6.236667,2021-01-27,AUTOMETRO.LV,19.01.2021DPD
A1C277560,0.0,124.83,2021-02-03,NESAKRITĪBAS,03.02.2021
DEA2948,0.0,7.19,2021-02-09,NESAKRITĪBAS,9.02.2021
WES2928,0.0,10.97664,2021-02-11,AUTOMETRO.LV,11.02.2021 TNT
WES2927,0.0,9.78664,2021-02-11,AUTOMETRO.LV,11.02.2021 TNT
WESEM2947,0.0,10.43664,2021-02-11,AUTOMETRO.LV,11.02.2021 TNT
ANO2948,0.0,11.91664,2021-02-11,AUTOMETRO.LV,11.02.2021 TNT
WES2949,0.0,11.14664,2021-02-11,AUTOMETRO.LV,11.02.2021 TNT
ENT932301,0.0,12.86664,2021-02-11,AUTOMETRO.LV,11.02.2021 TNT
DOR932301,0.0,28.97664,2021-02-11,AUTOMETRO.LV,11.02.2021 TNT
ASHPA1056,0.0,16.718578,2021-02-11,AUTOMETRO.LV,11.02.2021 TNT
VARLIFTKIT13-6P,0.0,33.479025,2021-02-11,AUTOMETRO.LV,11.02.2021 TNT
OEM53013672AE,0.0,79.59664,2021-02-11,AUTOMETRO.LV,11.02.2021 TNT
PBG68065294AA,0.0,69.94664,2021-02-11,AUTOMETRO.LV,11.02.2021 TNT
VMO4883395AA,0.0,4.405421,2021-02-11,AUTOMETRO.LV,11.02.2021 TNT
MGM932301,0.0,17.79664,2021-02-11,AUTOMETRO.LV,11.02.2021 TNT
OEMPH16,0.0,5.094217,2021-02-11,AUTOMETRO.LV,11.02.2021 TNT
VAR41138,0.0,0.72664,2021-02-11,AUTOMETRO.LV,11.02.2021 TNT
UPR4656465AD,0.0,6.98259,2021-02-11,AUTOMETRO.LV,11.02.2021 TNT
AYDK3134/85KIT,0.0,6.30664,2021-02-11,AUTOMETRO.LV,11.02.2021 TNT
AYD5105270AA,0.0,7.28664,2021-02-11,AUTOMETRO.LV,11.02.2021 TNT
ANOEM3169,0.0,17.91664,2021-02-11,AUTOMETRO.LV,11.02.2021 TNT
OEM5080482AB,0.0,20.99664,2021-02-11,AUTOMETRO.LV,11.02.2021 TNT
ASHK7450A,0.0,5.551781,2021-02-11,AUTOMETRO.LV,11.02.2021 TNT
MAR5072440AB,0.0,14.58664,2021-02-11,AUTOMETRO.LV,11.02.2021 TNT
VARFT1214,0.0,7.24664,2021-02-11,AUTOMETRO.LV,11.02.2021 TNT
AYDES800762,0.0,4.92664,2021-02-11,AUTOMETRO.LV,11.02.2021 TNT
VARSUZJ1,0.0,13.64762,2021-02-11,AUTOMETRO.LV,11.02.2021 TNT
MAR68158444AA,0.0,8.40664,2021-02-11,AUTOMETRO.LV,11.02.2021 TNT
MAR5072705AB,0.0,10.59664,2021-02-11,AUTOMETRO.LV,11.02.2021 TNT
MAR68045469AA,0.0,14.39664,2021-02-11,AUTOMETRO.LV,11.02.2021 TNT
MAR68253457AA,0.0,9.03664,2021-02-11,AUTOMETRO.LV,11.02.2021 TNT
VARRU352,0.0,11.771945,2021-02-11,AUTOMETRO.LV,11.02.2021 TNT
VAR5140799AA,0.0,5.43664,2021-02-11,AUTOMETRO.LV,11.02.2021 TNT
OEM5140798AA,0.0,32.62664,2021-02-11,AUTOMETRO.LV,11.02.2021 TNT
VAR52088425,0.0,1.96664,2021-02-11,AUTOMETRO.LV,11.02.2021 TNT
VMO68027611AA,0.0,45.215582,2021-02-11,AUTOMETRO.LV,11.02.2021 TNT
ASHAW7163,0.0,21.258177,2021-02-11,AUTOMETRO.LV,11.02.2021 TNT
DSP932306,0.0,25.889822,2021-02-11,AUTOMETRO.LV,11.02.2021 TNT
DOR932306,0.0,20.66664,2021-02-11,AUTOMETRO.LV,11.02.2021 TNT
ASHES3173,0.0,4.49664,2021-02-11,AUTOMETRO.LV,11.02.2021 TNT
VARSB364,0.0,3.33664,2021-02-11,AUTOMETRO.LV,11.02.2021 TNT
ASHES3474,0.0,7.384825,2021-02-11,AUTOMETRO.LV,11.02.2021 TNT
UPRES3475,0.0,6.01664,2021-02-11,AUTOMETRO.LV,11.02.2021 TNT
MAR5142601AA,0.0,12.00664,2021-02-11,AUTOMETRO.LV,11.02.2021 TNT
MAR5139836AB,0.0,3.17664,2021-02-11,AUTOMETRO.LV,11.02.2021 TNT
VAR52080262AA,0.0,16.83664,2021-02-11,AUTOMETRO.LV,11.02.2021 TNT
UPR525118,0.0,44.442707,2021-02-11,AUTOMETRO.LV,11.02.2021 TNT
VAR75W140,0.0,5.90664,2021-02-11,AUTOMETRO.LV,11.02.2021 TNT
VMO68029496AA,0.0,60.64664,2021-02-11,AUTOMETRO.LV,11.02.2021 TNT
VMO68092301AA,0.0,34.031669,2021-02-11,AUTOMETRO.LV,11.02.2021 TNT
VAR5006089AA,0.0,2.09664,2021-02-11,AUTOMETRO.LV,11.02.2021 TNT
VAR4228564,0.0,1.29664,2021-02-11,AUTOMETRO.LV,11.02.2021 TNT
VAR5066768AA,0.0,33.15664,2021-02-11,AUTOMETRO.LV,11.02.2021 TNT
OEMATF+4,0.0,3.725888,2021-02-11,AUTOMETRO.LV,11.02.2021 TNT
VAR800722,0.0,4.58664,2021-02-11,AUTOMETRO.LV,11.02.2021 TNT
OEM10-ECO067,0.0,10.597706,2021-02-11,AUTOMETRO.LV,11.02.2021 TNT
AYDK7411,0.0,4.62664,2021-02-11,AUTOMETRO.LV,11.02.2021 TNT
OEM5016796AC,0.0,10.95664,2021-02-11,AUTOMETRO.LV,11.02.2021 TNT
OEM5W20,0.0,3.441263,2021-02-11,AUTOMETRO.LV,11.02.2021 TNT
MAR68029496AA,0.0,10.59664,2021-02-11,AUTOMETRO.LV,11.02.2021 TNT
VMO5142816AA,0.0,8.210226,2021-02-11,AUTOMETRO.LV,11.02.2021 TNT
DEA5525,0.0,7.45664,2021-02-11,AUTOMETRO.LV,11.02.2021 TNT
VAR68032203AA,0.0,9.84664,2021-02-11,AUTOMETRO.LV,11.02.2021 TNT
CAF4897159AA,0.0,4.81664,2021-02-11,AUTOMETRO.LV,11.02.2021 TNT
MAR68029496AA,0.0,10.0,2021-03-02,NESAKRITĪBAS,02.03.2021
ANOEM3169,0.0,17.32,2021-03-31,NESAKRITĪBAS,31.03.2021 wh check
MAR68031574AA,0.0,10.84566,2021-04-06,AUTOMETRO.LV,15.03.2021
MAR68158444AA,0.0,8.68566,2021-04-06,AUTOMETRO.LV,15.03.2021
MAR68253457AA,0.0,9.31566,2021-04-06,AUTOMETRO.LV,15.03.2021
STK8194205,0.0,4.41616,2021-04-06,AUTOMETRO.LV,15.03.2021
UPR901384,0.0,4.42566,2021-04-06,AUTOMETRO.LV,15.03.2021
MAR902-302,0.0,5.58566,2021-04-06,AUTOMETRO.LV,15.03.2021
OEM10-ECO067,0.0,11.016269,2021-04-06,AUTOMETRO.LV,15.03.2021
OEM4891898AB,0.0,34.978992,2021-04-06,AUTOMETRO.LV,15.03.2021
OEM5156106AF,0.0,64.67566,2021-04-06,AUTOMETRO.LV,15.03.2021
OEM82208300,0.0,28.87566,2021-04-06,AUTOMETRO.LV,15.03.2021
PBG68065294AA,0.0,70.22566,2021-04-06,AUTOMETRO.LV,15.03.2021
ENT513058,0.0,7.21566,2021-04-06,AUTOMETRO.LV,15.03.2021
UPR525118,0.0,25.53566,2021-04-06,AUTOMETRO.LV,15.03.2021
UPR55136764AA,0.0,2.57566,2021-04-06,AUTOMETRO.LV,15.03.2021
UPRK7450A,0.0,5.78566,2021-04-06,AUTOMETRO.LV,15.03.2021
VAR5066768AA,0.0,33.43566,2021-04-06,AUTOMETRO.LV,15.03.2021
STK5080146AA,0.0,7.272453,2021-04-06,AUTOMETRO.LV,15.03.2021
ASH5086581AA,0.0,32.420856,2021-04-06,AUTOMETRO.LV,15.03.2021
VAR5175807AA,0.0,32.29566,2021-04-06,AUTOMETRO.LV,15.03.2021
VAR5273382AB,0.0,19.89566,2021-04-06,AUTOMETRO.LV,15.03.2021
VAR55037730AD,0.0,11.835207,2021-04-06,AUTOMETRO.LV,15.03.2021
VAR746259,0.0,9.68566,2021-04-06,AUTOMETRO.LV,15.03.2021
VARFT1214,0.0,7.67566,2021-04-06,AUTOMETRO.LV,15.03.2021
VARLIFTKIT13-6,0.0,28.295427,2021-04-06,AUTOMETRO.LV,15.03.2021
VARLIFTKIT13-6P,0.0,32.856808,2021-04-06,AUTOMETRO.LV,15.03.2021
VARLIFTKIT7-5,0.0,24.176799,2021-04-06,AUTOMETRO.LV,15.03.2021
VARLIFTKIT7-7,0.0,24.176799,2021-04-06,AUTOMETRO.LV,15.03.2021
VARSUZJ1,0.0,13.674297,2021-04-06,AUTOMETRO.LV,15.03.2021
WES2927,0.0,10.37566,2021-04-06,AUTOMETRO.LV,15.03.2021
WES2949,0.0,12.83566,2021-04-06,AUTOMETRO.LV,15.03.2021
WESEM2947,0.0,13.05566,2021-04-06,AUTOMETRO.LV,15.03.2021
VARA49KIT,0.0,17.87566,2021-04-06,AUTOMETRO.LV,15.03.2021
OEMATF+45L,0.0,16.912854,2021-04-06,AUTOMETRO.LV,15.03.2021
AYD52114354AA-B,0.0,7.67566,2021-04-06,AUTOMETRO.LV,15.03.2021
ANO2849,0.0,2.61566,2021-04-06,AUTOMETRO.LV,15.03.2021
ANO2948,0.0,13.96566,2021-04-06,AUTOMETRO.LV,15.03.2021
WES2948,0.0,9.35566,2021-04-06,AUTOMETRO.LV,15.03.2021
ANOEM3179,0.0,18.40566,2021-04-06,AUTOMETRO.LV,15.03.2021
ASH10-ECO067,0.0,2.95566,2021-04-06,AUTOMETRO.LV,15.03.2021
ASH5072440AB,0.0,17.485499,2021-04-06,AUTOMETRO.LV,15.03.2021
VAR5093911AB,0.0,27.62566,2021-04-06,AUTOMETRO.LV,15.03.2021
DAYTBK465,0.0,46.94566,2021-04-06,AUTOMETRO.LV,15.03.2021
DEA2928,0.0,8.53566,2021-04-06,AUTOMETRO.LV,15.03.2021
DOR932303,0.0,29.98898,2021-04-06,AUTOMETRO.LV,15.03.2021
DSP932303,0.0,23.877175,2021-04-06,AUTOMETRO.LV,15.03.2021
DOR932306,0.0,20.94566,2021-04-06,AUTOMETRO.LV,15.03.2021
EGL3186,0.0,15.18366,2021-04-06,AUTOMETRO.LV,15.03.2021
STK932301,0.0,13.582363,2021-04-06,AUTOMETRO.LV,15.03.2021
VARPS287,0.0,2.79566,2021-04-06,AUTOMETRO.LV,15.03.2021
MAR5139836AB,0.0,3.45566,2021-04-06,AUTOMETRO.LV,15.03.2021
MAR5184651AF,0.0,6.41566,2021-04-06,AUTOMETRO.LV,15.03.2021
MAR55136764AA,0.0,2.57566,2021-04-06,AUTOMETRO.LV,15.03.2021
VARSP5110,0.0,6.632471,2021-04-06,AUTOMETRO.LV,15.03.2021
ENT5140798AA,0.0,16.24566,2021-04-06,AUTOMETRO.LV,15.03.2021
VAR5080482AB,0.0,3.94566,2021-04-06,AUTOMETRO.LV,15.03.2021
FT1214X8KIT_IT,0.0,33.09566,2021-04-06,AUTOMETRO.LV,15.03.2021
75W140X3ADDX2_IT,0.0,28.40566,2021-04-06,AUTOMETRO.LV,15.03.2021
VARSUZJ1X2KIT_IT,0.0,26.47566,2021-04-06,AUTOMETRO.LV,15.03.2021
VAR68027600AAX16KIT_IT,0.0,53.83566,2021-04-06,AUTOMETRO.LV,15.03.2021
41138X20KIT_IT,0.0,3.47566,2021-04-06,AUTOMETRO.LV,15.03.2021
VAR52089501KIT_IT,0.0,28.17566,2021-04-06,AUTOMETRO.LV,15.03.2021
27CRDFPKIT_IT,0.0,24.15566,2021-04-06,AUTOMETRO.LV,15.03.2021
ES3472ES3473KIT_IT,0.0,10.47566,2021-04-06,AUTOMETRO.LV,15.03.2021
ES3474ES3475KIT_IT,0.0,11.46566,2021-04-06,AUTOMETRO.LV,15.03.2021
ES3472-5KIT_IT,0.0,14.47566,2021-04-06,AUTOMETRO.LV,15.03.2021
ACD12345982KIT_IT,0.0,14.35566,2021-04-06,AUTOMETRO.LV,15.03.2021
VAR52089516AB,0.0,1.89,2021-04-07,NESAKRITĪBAS,07.04.2021
AYD52114354AA-B,0.0,6.8,2021-04-07,NESAKRITĪBAS,07.04.2021
STK53040,0.0,24.585,2021-04-08,NESAKRITĪBAS,07.04.2021 fanteragiac
41138X20KIT_IT,0.0,2.8,2021-05-07,AUTOMETRO.LV,07.05.2021
75W140X3ADDX2_IT,0.0,26.28,2021-05-07,AUTOMETRO.LV,07.05.2021
AYD52114354AA-B,0.0,6.8,2021-05-07,AUTOMETRO.LV,07.05.2021
WES2948,0.0,12.13,2021-05-07,AUTOMETRO.LV,07.05.2021
ASH5093911AB,0.0,28.122446,2021-05-07,AUTOMETRO.LV,07.05.2021
ASHPA1056,0.0,14.859788,2021-05-07,AUTOMETRO.LV,07.05.2021
DAYTBK465,0.0,46.07,2021-05-07,AUTOMETRO.LV,07.05.2021
DOR14044,0.0,16.45,2021-05-07,AUTOMETRO.LV,07.05.2021
FT1214X8KIT_IT,0.0,32.224,2021-05-07,AUTOMETRO.LV,07.05.2021
UPRAS201,0.0,8.89,2021-05-07,AUTOMETRO.LV,07.05.2021
VARPS287,0.0,1.92,2021-05-07,AUTOMETRO.LV,07.05.2021
MAR5083288AA,0.0,13.78,2021-05-07,AUTOMETRO.LV,07.05.2021
MAR5142601AA,0.0,11.41,2021-05-07,AUTOMETRO.LV,07.05.2021
STK8194205,0.0,3.5405,2021-05-07,AUTOMETRO.LV,07.05.2021
MAR901384,0.0,3.55,2021-05-07,AUTOMETRO.LV,07.05.2021
VAR5066780KIT_IT,0.0,56.0,2021-05-07,AUTOMETRO.LV,07.05.2021
VAR52089501HD,0.0,44.44,2021-05-07,AUTOMETRO.LV,07.05.2021
DORS771,0.0,4.41,2021-05-07,AUTOMETRO.LV,07.05.2021
OEM10-ECO067,0.0,9.81,2021-05-07,AUTOMETRO.LV,07.05.2021
OEM4318060AD,0.0,0.0,2021-05-07,AUTOMETRO.LV,07.05.2021
OEM5156106AF,0.0,63.8,2021-05-07,AUTOMETRO.LV,07.05.2021
OEMATF+45L,0.0,16.037194,2021-05-07,AUTOMETRO.LV,07.05.2021
PBG68065294AA,0.0,69.35,2021-05-07,AUTOMETRO.LV,07.05.2021
UPR525118,0.0,24.66,2021-05-07,AUTOMETRO.LV,07.05.2021
VAR5080430AA,0.0,25.29,2021-05-07,AUTOMETRO.LV,07.05.2021
VAR5166925AB,0.0,7.34,2021-05-07,AUTOMETRO.LV,07.05.2021
VAR68027600AAX16KIT_IT,0.0,52.96,2021-05-07,AUTOMETRO.LV,07.05.2021
VAR68032203AA,0.0,9.25,2021-05-07,AUTOMETRO.LV,07.05.2021
VAR800722X2KIT_IT,0.0,8.3992,2021-05-07,AUTOMETRO.LV,07.05.2021
VARH6054EKIT_IT,0.0,8.08,2021-05-07,AUTOMETRO.LV,07.05.2021
72368KIT_IT,0.0,48.248449,2021-05-07,AUTOMETRO.LV,07.05.2021
CHER10BUSH_IT,0.0,10.58,2021-05-07,AUTOMETRO.LV,07.05.2021
VARSUZJ1,0.0,12.798637,2021-05-07,AUTOMETRO.LV,07.05.2021
WES2949,0.0,12.82,2021-05-07,AUTOMETRO.LV,07.05.2021
OEM68188865AA,0.0,34.677382,2021-05-14,AUTOMETRO.LV,14.05.2021 DPD
ASH5080146AA,0.0,11.965974,2021-05-14,AUTOMETRO.LV,14.05.2021 DPD
VAR5080482AB,0.0,3.071806,2021-05-14,AUTOMETRO.LV,14.05.2021 DPD
ASH5086581AA,0.0,31.55,2021-05-14,AUTOMETRO.LV,14.05.2021 DPD
VMO5093890AA,0.0,97.273143,2021-05-14,AUTOMETRO.LV,14.05.2021 DPD
VAR5140799AA,0.0,4.84,2021-05-14,AUTOMETRO.LV,14.05.2021 DPD
ANOEM3169,0.0,17.322134,2021-05-14,AUTOMETRO.LV,14.05.2021 DPD
VMO68027611AA,0.0,44.62158,2021-05-14,AUTOMETRO.LV,14.05.2021 DPD
OEM5156106AF,0.0,43.281564,2021-06-16,AUTOMETRO.LV,
OEM53013672AE,0.0,93.533434,2021-06-16,AUTOMETRO.LV,
OEM82208300,0.0,28.791564,2021-06-16,AUTOMETRO.LV,
STA10234,0.0,3.351564,2021-06-16,AUTOMETRO.LV,
VAR52080262AA,0.0,17.741564,2021-06-16,AUTOMETRO.LV,
AYD52114354AA-B,0.0,8.711564,2021-06-16,AUTOMETRO.LV,
ANO2948,0.0,13.651564,2021-06-16,AUTOMETRO.LV,
ANOEM3169,0.0,17.63943,2021-06-16,AUTOMETRO.LV,
ANOEM3179,0.0,18.106978,2021-06-16,AUTOMETRO.LV,
ASH5093911AB,0.0,28.91401,2021-06-16,AUTOMETRO.LV,
ASHPA1056,0.0,15.651564,2021-06-16,AUTOMETRO.LV,
BGATBK465,0.0,33.791564,2021-06-16,AUTOMETRO.LV,
WES2928,0.0,11.171564,2021-06-16,AUTOMETRO.LV,
DOR14044,0.0,17.241564,2021-06-16,AUTOMETRO.LV,
DORS771,0.0,5.551564,2021-06-16,AUTOMETRO.LV,
VAR53013935AB,0.0,1.241564,2021-06-16,AUTOMETRO.LV,
VAR55037730AD,0.0,11.818288,2021-06-16,AUTOMETRO.LV,
VAR800722,0.0,4.991564,2021-06-16,AUTOMETRO.LV,
VARLIFTKIT13-6,0.0,31.441564,2021-06-16,AUTOMETRO.LV,
VARLIFTKIT7-5,0.0,24.234562,2021-06-16,AUTOMETRO.LV,
VARLIFTKIT7-7P,0.0,41.441564,2021-06-16,AUTOMETRO.LV,
WES2927,0.0,9.931564,2021-06-16,AUTOMETRO.LV,
WES2949,0.0,14.991564,2021-06-16,AUTOMETRO.LV,
WESEM2947,0.0,12.691564,2021-06-16,AUTOMETRO.LV,
WIXFT1122,0.0,4.916408,2021-06-16,AUTOMETRO.LV,
VARAS201,0.0,12.931564,2021-06-16,AUTOMETRO.LV,
VARPS287,0.0,2.711564,2021-06-16,AUTOMETRO.LV,
GRTRU352,0.0,10.900195,2021-06-16,AUTOMETRO.LV,
GRTTX71,0.0,2.681564,2021-06-16,AUTOMETRO.LV,
MAR68031574AA,0.0,10.761564,2021-06-16,AUTOMETRO.LV,
MAR68158444AA,0.0,8.601564,2021-06-16,AUTOMETRO.LV,
OEM4318060AD,0.0,7.031564,2021-06-16,AUTOMETRO.LV,
OEM4891898AB,0.0,34.894896,2021-06-16,AUTOMETRO.LV,
DSP932301,0.0,20.829113,2021-06-16,AUTOMETRO.LV,
OEM10-ECO067,0.0,11.701564,2021-06-16,AUTOMETRO.LV,
27CRDFPKIT_IT,0.0,42.891564,2021-06-16,AUTOMETRO.LV,
5105270AAKIT_IT,0.0,14.171564,2021-06-16,AUTOMETRO.LV,
7236KIT_IT,0.0,44.601564,2021-06-16,AUTOMETRO.LV,
75W140X3ADDX2_IT,0.0,30.111564,2021-06-16,AUTOMETRO.LV,
A49-2146KITX2_IT,0.0,16.471564,2021-06-16,AUTOMETRO.LV,
ACD12345982KIT_IT,0.0,16.351564,2021-06-16,AUTOMETRO.LV,
K620665-K620666KIT_IT,0.0,13.171564,2021-06-16,AUTOMETRO.LV,
VAR55135891AF,0.0,2.781564,2021-06-16,AUTOMETRO.LV,
VAR55135890AF,0.0,2.781564,2021-06-16,AUTOMETRO.LV,
VAR55135878AF,0.0,2.781564,2021-06-16,AUTOMETRO.LV,
VAR55135879AF,0.0,2.781564,2021-06-16,AUTOMETRO.LV,
VAR800722X2KIT_IT,0.0,9.190764,2021-06-16,AUTOMETRO.LV,
VARSUZJ1X2KIT_IT,0.0,26.388564,2021-06-16,AUTOMETRO.LV,
ES3472-5KIT_IT,0.0,19.191564,2021-06-16,AUTOMETRO.LV,
FT1214X8KIT_IT,0.0,43.397564,2021-06-16,AUTOMETRO.LV,
K500190KIT_IT,0.0,7.851564,2021-06-16,AUTOMETRO.LV,
27CRDFPKIT_IT,0.0,50.501946,2021-07-28,AUTOMETRO.LV,
5105270AAKIT_IT,0.0,12.643744,2021-07-28,AUTOMETRO.LV,
75W140X3ADDX2_IT,0.0,29.883744,2021-07-28,AUTOMETRO.LV,
ACD12345982KIT_IT,0.0,16.868744,2021-07-28,AUTOMETRO.LV,
K620665-K620666KIT_IT,0.0,18.113744,2021-07-28,AUTOMETRO.LV,
ANO2948,0.0,12.772711,2021-07-28,AUTOMETRO.LV,
ANOEM3169,0.0,17.49161,2021-07-28,AUTOMETRO.LV,
ANOEM3179,0.0,17.959158,2021-07-28,AUTOMETRO.LV,
EV405KIT_IT,0.0,6.443744,2021-07-28,AUTOMETRO.LV,
VARPA1056,0.0,12.919293,2021-07-28,AUTOMETRO.LV,
BGATBK465,0.0,33.643744,2021-07-28,AUTOMETRO.LV,
DAYK061030,0.0,6.733744,2021-07-28,AUTOMETRO.LV,
DOR14044,0.0,17.093744,2021-07-28,AUTOMETRO.LV,
DORS771,0.0,5.546936,2021-07-28,AUTOMETRO.LV,
DSP932301,0.0,20.681293,2021-07-28,AUTOMETRO.LV,
STK932301,0.0,14.4884,2021-07-28,AUTOMETRO.LV,
DOR932306,0.0,20.713744,2021-07-28,AUTOMETRO.LV,
ENT932301,0.0,14.523744,2021-07-28,AUTOMETRO.LV,
ES3472-5KIT_IT,0.0,20.523744,2021-07-28,AUTOMETRO.LV,
FT1214X8KIT_IT,0.0,30.073744,2021-07-28,AUTOMETRO.LV,
MAR14044PRKIT_IT,0.0,2.643744,2021-07-28,AUTOMETRO.LV,
GRTAS201,0.0,13.203744,2021-07-28,AUTOMETRO.LV,
ENT68045469AA,0.0,29.629713,2021-07-28,AUTOMETRO.LV,
MAR68158444AA,0.0,8.453744,2021-07-28,AUTOMETRO.LV,
MARSG314048,0.0,2.373744,2021-07-28,AUTOMETRO.LV,
MGM932301,0.0,17.843744,2021-07-28,AUTOMETRO.LV,
OEM10-ECO067,0.0,12.919765,2021-07-28,AUTOMETRO.LV,
OEM4318060AD,0.0,7.581508,2021-07-28,AUTOMETRO.LV,
OEM5016796AC,0.0,23.163744,2021-07-28,AUTOMETRO.LV,
OEM53013672AE,0.0,85.643744,2021-07-28,AUTOMETRO.LV,
OEMATF+45L,0.0,15.743744,2021-07-28,AUTOMETRO.LV,
STK8194205,0.0,3.950712,2021-07-28,AUTOMETRO.LV,
41138X20KIT_IT,0.0,3.243744,2021-07-28,AUTOMETRO.LV,
VAR5066768AA,0.0,47.313744,2021-07-28,AUTOMETRO.LV,
5066780AAKIT_IT,0.0,56.643744,2021-07-28,AUTOMETRO.LV,
VAR5086581AA,0.0,27.803744,2021-07-28,AUTOMETRO.LV,
VAR5093890AA,0.0,27.663744,2021-07-28,AUTOMETRO.LV,
VAR5175807AA,0.0,25.053744,2021-07-28,AUTOMETRO.LV,
VAR52080262AA,0.0,17.944744,2021-07-28,AUTOMETRO.LV,
VAR52089501HD,0.0,45.083744,2021-07-28,AUTOMETRO.LV,
VAR52089516ABKIT_IT,0.0,4.423744,2021-07-28,AUTOMETRO.LV,
VAR55037730AD,0.0,11.670468,2021-07-28,AUTOMETRO.LV,
VAR55135878AF,0.0,2.636324,2021-07-28,AUTOMETRO.LV,
VAR55135879AF,0.0,2.636324,2021-07-28,AUTOMETRO.LV,
VAR55135890AF,0.0,2.636324,2021-07-28,AUTOMETRO.LV,
VAR55135891AF,0.0,2.636324,2021-07-28,AUTOMETRO.LV,
VAR800722,0.0,4.843373,2021-07-28,AUTOMETRO.LV,
VAR800722X2KIT_IT,0.0,8.975744,2021-07-28,AUTOMETRO.LV,
VARLIFTKIT7-5,0.0,24.107821,2021-07-28,AUTOMETRO.LV,
VARSUZJ1X2KIT_IT,0.0,28.979744,2021-07-28,AUTOMETRO.LV,
4883395AAKIT_IT,0.0,31.335744,2021-07-28,AUTOMETRO.LV,
ANO2927,0.0,9.883744,2021-07-28,AUTOMETRO.LV,
WES2949,0.0,13.463744,2021-07-28,AUTOMETRO.LV,
WESEM2947,0.0,12.555144,2021-07-28,AUTOMETRO.LV,
DAYTBK465,0.0,46.713744,2021-07-28,AUTOMETRO.LV,
PBG68065294AA,0.0,69.993744,2021-07-28,AUTOMETRO.LV,
UPRK500190,0.0,6.813744,2021-07-28,AUTOMETRO.LV,
VARK500190,0.0,4.963744,2021-07-28,AUTOMETRO.LV,
VMO68027611AA,0.0,44.94429,2021-07-28,AUTOMETRO.LV,
OEM5016796AC,0.0,11.581,2021-08-06,NESAKRITĪBAS,
3019IX2KIT_IT,0.0,4.898927,2021-09-06,AUTOMETRO.LV,
72368KIT_IT,0.0,40.430987,2021-09-06,AUTOMETRO.LV,
ACD12345982KIT_IT,0.0,11.633927,2021-09-06,AUTOMETRO.LV,
WES2948,0.0,15.148635,2021-09-06,AUTOMETRO.LV,
ANOEM3179,0.0,15.468348,2021-09-06,AUTOMETRO.LV,
ASH5072440AB,0.0,18.154341,2021-09-06,AUTOMETRO.LV,
ASH5093911AB,0.0,16.141164,2021-09-06,AUTOMETRO.LV,
ASH68027611AB,0.0,37.404693,2021-09-06,AUTOMETRO.LV,
DOR14044,0.0,17.288927,2021-09-06,AUTOMETRO.LV,
DOR4578029AC,0.0,19.651466,2021-09-06,AUTOMETRO.LV,
DOR932301,0.0,14.908927,2021-09-06,AUTOMETRO.LV,
DORS771,0.0,5.308751,2021-09-06,AUTOMETRO.LV,
DSP932301,0.0,20.876476,2021-09-06,AUTOMETRO.LV,
DOR932306,0.0,20.908927,2021-09-06,AUTOMETRO.LV,
EGL3186,0.0,15.146927,2021-09-06,AUTOMETRO.LV,
ENT263003790,0.0,5.223927,2021-09-06,AUTOMETRO.LV,
ENT68045469AA,0.0,28.993627,2021-09-06,AUTOMETRO.LV,
ENT932301,0.0,14.718927,2021-09-06,AUTOMETRO.LV,
ENT932301BOOT,0.0,3.098927,2021-09-06,AUTOMETRO.LV,
ES3472-5KIT_IT,0.0,23.308492,2021-09-06,AUTOMETRO.LV,
ES3474ES3475KIT_IT,0.0,13.864554,2021-09-06,AUTOMETRO.LV,
VARPS287,0.0,2.758927,2021-09-06,AUTOMETRO.LV,
GRTRU352,0.0,8.252027,2021-09-06,AUTOMETRO.LV,
K500190KIT_IT,0.0,14.158927,2021-09-06,AUTOMETRO.LV,
MAR14044PRKIT_IT,0.0,2.838927,2021-09-06,AUTOMETRO.LV,
MAR5072705AB,0.0,8.618927,2021-09-06,AUTOMETRO.LV,
MAR5083288AA,0.0,14.618927,2021-09-06,AUTOMETRO.LV,
MAR5142601AA,0.0,12.248927,2021-09-06,AUTOMETRO.LV,
ASH68031574AA,0.0,25.040729,2021-09-06,AUTOMETRO.LV,
MAR68040371AA,0.0,3.418927,2021-09-06,AUTOMETRO.LV,
MAR68045469AA,0.0,12.258927,2021-09-06,AUTOMETRO.LV,
MAR68253457AA,0.0,9.278927,2021-09-06,AUTOMETRO.LV,
B1019KIT_IT,0.0,10.878927,2021-09-06,AUTOMETRO.LV,
MARSG314048,0.0,2.568927,2021-09-06,AUTOMETRO.LV,
OEM10-ECO067,0.0,12.073184,2021-09-06,AUTOMETRO.LV,
OEM4318060AD,0.0,7.14808,2021-09-06,AUTOMETRO.LV,
OEM4891898AB,0.0,40.549023,2021-09-06,AUTOMETRO.LV,
OEM5080482AB,0.0,17.650967,2021-09-06,AUTOMETRO.LV,
OEM53013672AE,0.0,92.571122,2021-09-06,AUTOMETRO.LV,
OEM68188865AA,0.0,36.427602,2021-09-06,AUTOMETRO.LV,
OEMATF+45L,0.0,15.938927,2021-09-06,AUTOMETRO.LV,
PRE3459KIT_IT,0.0,4.058927,2021-09-06,AUTOMETRO.LV,
STA10234,0.0,3.851497,2021-09-06,AUTOMETRO.LV,
ASHSG214056,0.0,5.025999,2021-09-06,AUTOMETRO.LV,
41138X20KIT_IT,0.0,3.438927,2021-09-06,AUTOMETRO.LV,
VAR5066768AA,0.0,47.508927,2021-09-06,AUTOMETRO.LV,
ASH5080146AA,0.0,17.811756,2021-09-06,AUTOMETRO.LV,
VAR5080482AB,0.0,5.027121,2021-09-06,AUTOMETRO.LV,
ENT5140798AA,0.0,16.158927,2021-09-06,AUTOMETRO.LV,
VAR5140799AA,0.0,6.781635,2021-09-06,AUTOMETRO.LV,
VAR5166925AB,0.0,8.178927,2021-09-06,AUTOMETRO.LV,
VAR52089516ABKIT_IT,0.0,4.618927,2021-09-06,AUTOMETRO.LV,
VAR5293163AA,0.0,3.138927,2021-09-06,AUTOMETRO.LV,
VAR53013935AB,0.0,1.308927,2021-09-06,AUTOMETRO.LV,
VAR55037730AD,0.0,12.237272,2021-09-06,AUTOMETRO.LV,
VAR68032203AA,0.0,10.088927,2021-09-06,AUTOMETRO.LV,
VARSUZJ1,0.0,15.007266,2021-09-06,AUTOMETRO.LV,
VARSUZJ1X2KIT_IT,0.0,29.175605,2021-09-06,AUTOMETRO.LV,
4883395AAKIT_IT,0.0,33.114742,2021-09-06,AUTOMETRO.LV,
VMO5166925AB,0.0,70.478927,2021-09-06,AUTOMETRO.LV,
VMO68027611AA,0.0,47.659686,2021-09-06,AUTOMETRO.LV,
VMO68028074AA,0.0,102.648927,2021-09-06,AUTOMETRO.LV,
WES2927,0.0,10.000288,2021-09-06,AUTOMETRO.LV,
WES2949,0.0,14.648927,2021-09-06,AUTOMETRO.LV,
OEM5W205L,0.0,13.516227,2021-09-06,AUTOMETRO.LV,
K3134-85X2KIT_IT,0.0,13.978927,2021-09-06,AUTOMETRO.LV,
DOR14044,0.0,16.839688,2021-10-07,AUTOMETRO.LV,
DEA2928,0.0,10.039688,2021-10-07,AUTOMETRO.LV,
WES2927,0.0,9.551049,2021-10-07,AUTOMETRO.LV,
ANO2948,0.0,12.263878,2021-10-07,AUTOMETRO.LV,
WES2949,0.0,11.799688,2021-10-07,AUTOMETRO.LV,
ENT932301,0.0,13.539688,2021-10-07,AUTOMETRO.LV,
BGATBK465,0.0,33.389688,2021-10-07,AUTOMETRO.LV,
OEM4318060AD,0.0,6.698841,2021-10-07,AUTOMETRO.LV,
VARLIFTKIT13-6P,0.0,31.399688,2021-10-07,AUTOMETRO.LV,
VARLIFTKIT7-5,0.0,24.351797,2021-10-07,AUTOMETRO.LV,
27CRDFPKIT_IT,0.0,25.84059,2021-10-07,AUTOMETRO.LV,
3019IX2KIT_IT,0.0,4.449688,2021-10-07,AUTOMETRO.LV,
MAR68027611AB,0.0,9.94398,2021-10-07,AUTOMETRO.LV,
VAR5066780AA,48.0,4.379688,2021-10-07,AUTOMETRO.LV,
GRTPSS3,0.0,9.779588,2021-10-07,AUTOMETRO.LV,
GRTPS287,1.0,4.135788,2021-10-07,AUTOMETRO.LV,
MARSG314048,0.0,2.119688,2021-10-07,AUTOMETRO.LV,
ANOEM3169,0.0,17.599688,2021-10-07,AUTOMETRO.LV,
VARLIFTKIT13-6,0.0,26.969688,2021-10-07,AUTOMETRO.LV,
ANOEM3179,0.0,20.365368,2021-10-07,AUTOMETRO.LV,
VAR53013935AB,0.0,0.859688,2021-10-07,AUTOMETRO.LV,
MAR68031574AA,0.0,8.649688,2021-10-07,AUTOMETRO.LV,
MAR68028074AA,0.0,8.649688,2021-10-07,AUTOMETRO.LV,
VAR5140799AA,0.0,6.332396,2021-10-07,AUTOMETRO.LV,
UPRTX71,0.0,1.539688,2021-10-07,AUTOMETRO.LV,
ES3472-5KIT_IT,0.0,25.449688,2021-10-07,AUTOMETRO.LV,
PRE3459,6.0,2.196792,2021-10-07,AUTOMETRO.LV,
VAR52089501HD,0.0,44.829688,2021-10-07,AUTOMETRO.LV,
OEM10-ECO067,0.0,11.475117,2021-10-07,AUTOMETRO.LV,
OEMATF+45L,0.0,15.489688,2021-10-07,AUTOMETRO.LV,
VARSUZJ1X2KIT_IT,0.0,28.726366,2021-10-07,AUTOMETRO.LV,
DORS771,0.0,5.279688,2021-10-07,AUTOMETRO.LV,
MAR14044PR_IT,0.0,2.389688,2021-10-07,AUTOMETRO.LV,
ACD12345982KIT_IT,0.0,14.28851,2021-10-07,AUTOMETRO.LV,
27CRDFPKIT_IT,0.0,25.510214,2021-11-08,AUTOMETRO.LV,
3019IX2KIT_IT,0.0,5.22202,2021-11-08,AUTOMETRO.LV,
ACD12345982KIT_IT,0.0,15.531432,2021-11-08,AUTOMETRO.LV,
AYDK3134/85KIT,2.0,14.66202,2021-11-08,AUTOMETRO.LV,
DEA2948,0.0,9.08202,2021-11-08,AUTOMETRO.LV,
ANOEM3179,0.0,21.1377,2021-11-08,AUTOMETRO.LV,
ASH68027611AB,0.0,15.385115,2021-11-08,AUTOMETRO.LV,
BGATBK465,0.0,34.16202,2021-11-08,AUTOMETRO.LV,
CAF4897159AA,1.0,5.38202,2021-11-08,AUTOMETRO.LV,
DEA2928,0.0,10.81202,2021-11-08,AUTOMETRO.LV,
DOR14044,0.0,17.61202,2021-11-08,AUTOMETRO.LV,
DORS771,0.0,6.45522,2021-11-08,AUTOMETRO.LV,
ENT932301,0.0,14.31202,2021-11-08,AUTOMETRO.LV,
MAR14044PR_IT,0.0,3.16202,2021-11-08,AUTOMETRO.LV,
MAR5083288AA,0.0,14.94202,2021-11-08,AUTOMETRO.LV,
MAR5184651AF,0.0,6.70202,2021-11-08,AUTOMETRO.LV,
MAR68028074AA,0.0,9.42202,2021-11-08,AUTOMETRO.LV,
MAR68031574AA,0.0,9.42202,2021-11-08,AUTOMETRO.LV,
VAR901384,2.0,5.84202,2021-11-08,AUTOMETRO.LV,
MARSG314048,2.0,2.89202,2021-11-08,AUTOMETRO.LV,
STK932301,0.0,15.961857,2021-11-08,AUTOMETRO.LV,
OEM10-ECO067,0.0,12.064104,2021-11-08,AUTOMETRO.LV,
OEM4318060AD,0.0,7.471173,2021-11-08,AUTOMETRO.LV,
OEM4891898AB,0.0,43.255742,2021-11-08,AUTOMETRO.LV,
OEM5016796AC,0.0,12.301785,2021-11-08,AUTOMETRO.LV,
OEM53013672AE,0.0,91.377032,2021-11-08,AUTOMETRO.LV,
OEM5W205L,0.998,38.74242,2021-11-08,AUTOMETRO.LV,
FT1214X8KIT_IT,0.0,32.26202,2021-11-08,AUTOMETRO.LV,
GRTPS287,2.0,4.90812,2021-11-08,AUTOMETRO.LV,
GRTPSS3,0.0,10.55192,2021-11-08,AUTOMETRO.LV,
GRTTX71,0.9274,3.05202,2021-11-08,AUTOMETRO.LV,
OEMATF+45L,0.0,16.26202,2021-11-08,AUTOMETRO.LV,
PRE3459KIT_IT,0.0,4.77602,2021-11-08,AUTOMETRO.LV,
UPR525118,0.0,26.68202,2021-11-08,AUTOMETRO.LV,
UPRSG214056,2.0,7.32202,2021-11-08,AUTOMETRO.LV,
5066780AAKIT_IT,0.0,65.00202,2021-11-08,AUTOMETRO.LV,
VAR5140799AA,0.0,7.104728,2021-11-08,AUTOMETRO.LV,
VAR5175807AA,0.0,25.88202,2021-11-08,AUTOMETRO.LV,
VAR53013935AB,0.0,1.63202,2021-11-08,AUTOMETRO.LV,
VAR55037730AD,0.0,12.560365,2021-11-08,AUTOMETRO.LV,
VARH6054EKIT_IT,0.0,10.62402,2021-11-08,AUTOMETRO.LV,
VARSUZJ1X2KIT_IT,0.0,29.50002,2021-11-08,AUTOMETRO.LV,
WES2927,0.0,11.261999,2021-11-08,AUTOMETRO.LV,
WES2949,1.0,14.97202,2021-11-08,AUTOMETRO.LV,
WIXFT1122,0.0,6.73202,2021-11-08,AUTOMETRO.LV,
ANOEM3169,0.0,18.37202,2021-11-08,AUTOMETRO.LV,
MAR8194205,2.0,3.92202,2021-11-08,AUTOMETRO.LV,
VAR5080146AA,0.0,10.11202,2021-11-08,AUTOMETRO.LV,
VAR52089501HD,0.0,45.60202,2021-11-08,AUTOMETRO.LV,
ES3474ES3475KIT_IT,0.0,13.66202,2021-11-08,AUTOMETRO.LV,
NAT2146,4.0,5.657266,2021-11-08,AUTOMETRO.LV,
VAR52089501HD,0.0,44.44,2021-12-27,NESAKRITĪBAS,
3019IX2KIT_IT,0.0,5.033421,2021-12-30,AUTOMETRO.LV,
75W140X3ADDX2_IT,0.0,27.773421,2021-12-30,AUTOMETRO.LV,
ACD12345982KIT_IT,0.0,14.553421,2021-12-30,AUTOMETRO.LV,
ENT52114354AA-B,0.0,13.073421,2021-12-30,AUTOMETRO.LV,
DEA2948,0.0,8.893421,2021-12-30,AUTOMETRO.LV,
DEA2949,0.0,10.113421,2021-12-30,AUTOMETRO.LV,
ASH5086581AA,0.0,42.253278,2021-12-30,AUTOMETRO.LV,
BGATBK465,0.0,40.973421,2021-12-30,AUTOMETRO.LV,
DAYK061030,0.0,7.383421,2021-12-30,AUTOMETRO.LV,
DOR14044,0.0,18.483421,2021-12-30,AUTOMETRO.LV,
DOR932303,0.0,15.043421,2021-12-30,AUTOMETRO.LV,
DORS771,0.0,5.703421,2021-12-30,AUTOMETRO.LV,
DSP932301,0.0,21.01097,2021-12-30,AUTOMETRO.LV,
MGM932301,0.0,18.173421,2021-12-30,AUTOMETRO.LV,
DSP932303,0.0,24.01045,2021-12-30,AUTOMETRO.LV,
DSP932306,0.0,27.582103,2021-12-30,AUTOMETRO.LV,
ENT263003790,0.0,5.383421,2021-12-30,AUTOMETRO.LV,
ENT52088251,0.0,16.533421,2021-12-30,AUTOMETRO.LV,
ENT932301,0.0,14.288421,2021-12-30,AUTOMETRO.LV,
ENT932301BOOT,9.0,3.259421,2021-12-30,AUTOMETRO.LV,
ANOEM3169,0.0,35.433421,2021-12-30,AUTOMETRO.LV,
FT1214X8KIT_IT,0.0,32.073421,2021-12-30,AUTOMETRO.LV,
GRTAC420,1.0,7.101621,2021-12-30,AUTOMETRO.LV,
GRTAS201,0.0,10.808121,2021-12-30,AUTOMETRO.LV,
MAR14044PRKIT_IT,0.0,2.973421,2021-12-30,AUTOMETRO.LV,
MAR5072705AB,0.0,8.753421,2021-12-30,AUTOMETRO.LV,
MAR5083288AA,0.0,14.753421,2021-12-30,AUTOMETRO.LV,
MAR5139836AB,0.0,3.553421,2021-12-30,AUTOMETRO.LV,
MAR68027611AB,0.0,10.527713,2021-12-30,AUTOMETRO.LV,
MAR68028074AA,0.0,9.233421,2021-12-30,AUTOMETRO.LV,
MAR68045469AA,0.0,12.393421,2021-12-30,AUTOMETRO.LV,
MAR68158444AA,0.0,8.783421,2021-12-30,AUTOMETRO.LV,
MAR902-302,0.0,5.683421,2021-12-30,AUTOMETRO.LV,
OEM10-ECO067,0.0,11.990281,2021-12-30,AUTOMETRO.LV,
OEM4318060AD,0.0,6.033421,2021-12-30,AUTOMETRO.LV,
OEM4891898AB,0.0,42.711003,2021-12-30,AUTOMETRO.LV,
OEM5156106AF,0.0,94.079711,2021-12-30,AUTOMETRO.LV,
OEM53013672AE,0.0,99.790787,2021-12-30,AUTOMETRO.LV,
OEMATF+45L,0.0,18.873421,2021-12-30,AUTOMETRO.LV,
OEMPH16,0.0,5.830726,2021-12-30,AUTOMETRO.LV,
VMO68027611AA,0.0,47.726217,2021-12-30,AUTOMETRO.LV,
VAR10-ECO067,2.0,4.513421,2021-12-30,AUTOMETRO.LV,
OEMATF+45L,0.0,17.92,2022-03-10,AUTOMETRO.LV,
27CRDFPKIT,0.0,25.3,2022-03-10,AUTOMETRO.LV,
OEMATF+4,0.0,3.02,2022-03-10,AUTOMETRO.LV,
VAR52080262AA,0.0,20.48,2022-03-10,AUTOMETRO.LV,
DEA2927,0.0,7.11,2022-03-10,AUTOMETRO.LV,
MAR5072705AB,0.0,7.78,2022-03-10,AUTOMETRO.LV,
WESEM2947,0.0,11.37,2022-03-10,AUTOMETRO.LV,
294KIT,0.0,25.96,2022-03-10,AUTOMETRO.LV,
ANOEM3169,0.0,22.06,2022-03-10,AUTOMETRO.LV,
WES2949,0.0,13.81,2022-03-10,AUTOMETRO.LV,
DOR14044,0.0,17.68,2022-03-10,AUTOMETRO.LV,
VARSUZJ1,0.0,13.54,2022-03-10,AUTOMETRO.LV,
H6054EKIT,0.0,11.725789,2022-03-10,AUTOMETRO.LV,
OEM10-ECO067,0.0,11.825789,2022-03-10,AUTOMETRO.LV,
3019IX2KIT,0.0,5.045789,2022-03-10,AUTOMETRO.LV,
MAR5083288AA,0.0,14.765789,2022-03-10,AUTOMETRO.LV,
MAR68031574AA,0.0,9.245789,2022-03-10,AUTOMETRO.LV,
EGL3186,0.0,20.615789,2022-03-10,AUTOMETRO.LV,
DSP932306,0.0,27.595789,2022-03-10,AUTOMETRO.LV,
AYD52114354AA-B,0.0,8.295789,2022-03-10,AUTOMETRO.LV,
ASH5072440AB,0.0,15.885789,2022-03-10,AUTOMETRO.LV,
DEA2928I,0.0,2.885789,2022-03-10,AUTOMETRO.LV,
VMO5114348AB,0.0,18.005789,2022-03-10,AUTOMETRO.LV,
ES3474ES3475KIT,0.0,10.115789,2022-03-10,AUTOMETRO.LV,
MAR5139836AB,0.0,3.565789,2022-03-10,AUTOMETRO.LV,
SG314048KIT,0.0,4.445789,2022-03-10,AUTOMETRO.LV,
53013935ABKIT,0.0,3.335789,2022-03-10,AUTOMETRO.LV,
STKPS317,0.0,14.535789,2022-03-10,AUTOMETRO.LV,
OEM68088259AB,0.0,7.045789,2022-03-10,AUTOMETRO.LV,
VAR5080482AB,0.0,5.175789,2022-03-10,AUTOMETRO.LV,
ASH92-00-002,0.0,43.95,2022-03-22,AUTOMETRO.LV,
5105270AAKIT,0.0,13.1,2022-03-22,AUTOMETRO.LV,
VAR5066768AA,0.0,33.89,2022-03-22,AUTOMETRO.LV,
H6054EKIT,0.0,9.83,2022-03-22,AUTOMETRO.LV,
ES3472ES3473KIT,0.0,9.6,2022-03-22,AUTOMETRO.LV,
MAR5142601AA,0.0,11.41,2022-03-22,AUTOMETRO.LV,
ANO2849,0.0,8.42,2022-03-22,AUTOMETRO.LV,
MAR48718,0.0,4.86,2022-03-22,AUTOMETRO.LV,
MAR68158444AA,0.0,9.97,2022-03-22,AUTOMETRO.LV,
ACEFD503,0.0,3.24,2022-03-22,AUTOMETRO.LV,
WIXFT1122,0.0,4.35,2022-03-22,AUTOMETRO.LV,
55394323AAKIT,0.0,4.46,2022-03-22,AUTOMETRO.LV,
55136764AAKIT,0.0,3.4,2022-03-22,AUTOMETRO.LV,
25CRDRCSKIT,0.0,24.64,2022-03-22,AUTOMETRO.LV,
VARSUZJ1,0.0,13.54,2022-03-22,AUTOMETRO.LV,
4883395AAKIT,0.0,32.08,2022-03-22,AUTOMETRO.LV,
VAR68027600AAX16KIT,0.0,60.32,2022-03-22,AUTOMETRO.LV,
VAR68027600AA,0.0,3.77,2022-03-22,AUTOMETRO.LV,
GRTRY330,0.0,11.82,2022-03-22,AUTOMETRO.LV,
MAR14044PR_IT,0.0,2.0,2022-03-22,AUTOMETRO.LV,
5066780AAKIT,0.0,63.84,2022-03-22,AUTOMETRO.LV,
VARMUST15,0.0,213.893846,2022-03-29,AUTOMETRO.LV,
OEMATF+4X5,0.0,16.553846,2022-03-29,AUTOMETRO.LV,
UPR525118,0.0,30.973846,2022-03-29,AUTOMETRO.LV,
OEM525100,0.0,30.303846,2022-03-29,AUTOMETRO.LV,
MAR68027602AA,0.0,4.753846,2022-03-29,AUTOMETRO.LV,
MAR52101278AB,0.0,5.113846,2022-03-29,AUTOMETRO.LV,
MAR68027603AA,1.0,4.753846,2022-03-29,AUTOMETRO.LV,
OEM5W20,0.0,9.153846,2022-03-29,AUTOMETRO.LV,
VMO5142816AA,0.0,9.433846,2022-03-29,AUTOMETRO.LV,
GRTLS201,0.0,8.283846,2022-03-29,AUTOMETRO.LV,
VARPS287,0.0,3.373846,2022-03-29,AUTOMETRO.LV,
UPR5116079AA,0.0,3.313846,2022-03-29,AUTOMETRO.LV,
VMO68027587AA,1.0,12.893846,2022-03-29,AUTOMETRO.LV,
OEMATF+41LBOX,0.0,37.271667,2022-04-07,AUTOMETRO.LV,
FT1122ATF4KIT,0.0,20.481667,2022-04-07,AUTOMETRO.LV,
OEM5W205L,0.0,20.541667,2022-04-07,AUTOMETRO.LV,
MAR5142601AA,0.0,12.441667,2022-04-07,AUTOMETRO.LV,
MAR48718,0.0,5.891667,2022-04-07,AUTOMETRO.LV,
VAR5066768AA,0.0,34.921667,2022-04-07,AUTOMETRO.LV,
5016796ACKIT,0.0,19.751667,2022-04-07,AUTOMETRO.LV,
ES3474ES3475KIT,0.0,10.491667,2022-04-07,AUTOMETRO.LV,
ES3472ES3473KIT,0.0,10.991667,2022-04-07,AUTOMETRO.LV,
MAR68158444AA,0.0,11.001667,2022-04-07,AUTOMETRO.LV,
ANO2849,0.0,9.451667,2022-04-07,AUTOMETRO.LV,
VMO5114348AB,0.0,18.051667,2022-04-07,AUTOMETRO.LV,
WIXFT1122,1.0,5.381667,2022-04-07,AUTOMETRO.LV,
ENT68027602AA,0.0,10.281667,2022-04-07,AUTOMETRO.LV,
GRTRY330,0.0,12.851667,2022-04-07,AUTOMETRO.LV,
VAR68027600AAX16KIT,0.0,61.351667,2022-04-07,AUTOMETRO.LV,
5066780AAKIT,0.0,64.871667,2022-04-07,AUTOMETRO.LV,
41188KIT,0.0,3.631667,2022-04-07,AUTOMETRO.LV,
4883395AAKIT,0.0,33.111667,2022-04-07,AUTOMETRO.LV,
41188X5KIT,0.0,5.681667,2022-04-07,AUTOMETRO.LV,
B8305KIT,0.0,9.031667,2022-04-07,AUTOMETRO.LV,
VAR68027600AA,0.0,4.801667,2022-04-07,AUTOMETRO.LV,
UPRTX71,0.0,2.931667,2022-04-07,AUTOMETRO.LV,
5073640-1AAKIT,1.0,60.645,2022-04-11,AUTOMETRO.LV,
FT1122KIT,0.0,20.335,2022-04-11,AUTOMETRO.LV,
EGLA5420I,1.0,7.095,2022-04-11,AUTOMETRO.LV,
AYDK201551,0.0,2.425,2022-04-11,AUTOMETRO.LV,
VAR5080529AD,0.0,6.325,2022-04-11,AUTOMETRO.LV,
VMO5093890AA,0.0,97.925,2022-04-11,AUTOMETRO.LV,
MAR68027603AA,0.0,4.185,2022-04-11,AUTOMETRO.LV,
AYDK500340,1.0,4.555,2022-04-11,AUTOMETRO.LV,
MOP68463265AA,0.0,6.555,2022-04-11,AUTOMETRO.LV,
UPR4656465AD,1.0,6.855,2022-04-11,AUTOMETRO.LV,
GRTSLS208,0.0,6.885,2022-04-11,AUTOMETRO.LV,
GRTSC104,0.0,7.025,2022-04-11,AUTOMETRO.LV,
AYDES800762,0.0,5.215,2022-04-11,AUTOMETRO.LV,
VARD841,1.0,7.255,2022-04-11,AUTOMETRO.LV,
VARPC625,1.0,8.715,2022-04-11,AUTOMETRO.LV,
STKSG414049KIT,1.0,4.725,2022-04-11,AUTOMETRO.LV,
ES3614KIT,0.0,6.585,2022-04-11,AUTOMETRO.LV,
HRK7874S,0.0,11.675,2022-04-11,AUTOMETRO.LV,
UPRA5420,0.0,8.145,2022-04-11,AUTOMETRO.LV,
VAR5080430AA,0.0,10.615,2022-04-11,AUTOMETRO.LV,
VAR5066747AA,1.0,12.435,2022-04-11,AUTOMETRO.LV,
OEM4318060ADX2KIT,0.0,12.865,2022-04-11,AUTOMETRO.LV,
VARCH1521124,1.0,23.955,2022-04-11,AUTOMETRO.LV,
VAR5014983AA,1.0,9.215,2022-04-11,AUTOMETRO.LV,
FT1206ATFX6KIT,0.0,25.170909,2022-04-11,AUTOMETRO.LV,
75W140X6ADDX3,1.0,52.280909,2022-04-11,AUTOMETRO.LV,
VAR75W140X3KIT,1.0,17.750909,2022-04-11,AUTOMETRO.LV,
K3134-85X2KIT,0.0,11.590909,2022-04-11,AUTOMETRO.LV,
MAR68028074AA,0.0,9.330909,2022-04-11,AUTOMETRO.LV,
VARSP5139B34X2KIT,0.0,20.610909,2022-04-11,AUTOMETRO.LV,
TERAW7163,0.0,20.360909,2022-04-11,AUTOMETRO.LV,
VAR68032203AA,0.0,10.320909,2022-04-11,AUTOMETRO.LV,
VAR55156103AA,0.0,11.400909,2022-04-11,AUTOMETRO.LV,
K3202BKIT,1.0,7.310909,2022-04-11,AUTOMETRO.LV,
AYD5105271AA,0.0,8.590909,2022-04-11,AUTOMETRO.LV,
5105271AAKIT,0.0,16.110909,2022-04-11,AUTOMETRO.LV,
OEM1AH27BD1AB,0.0,8.510909,2022-04-11,AUTOMETRO.LV,
VMO4883395AA,0.0,5.080909,2022-04-11,AUTOMETRO.LV,
VAR5293163AA,0.0,3.510909,2022-04-11,AUTOMETRO.LV,
MAR4743044AA,1.0,3.210909,2022-04-11,AUTOMETRO.LV,
VARPS287,0.0,2.990909,2022-04-11,AUTOMETRO.LV,
VMO68027600AA,1.0,13.420909,2022-04-11,AUTOMETRO.LV,
VARK3166,1.0,2.290909,2022-04-11,AUTOMETRO.LV,
VAR52101277AA,0.0,2.180909,2022-04-11,AUTOMETRO.LV,
OEM68036346AA,0.0,45.970909,2022-04-11,AUTOMETRO.LV,
VAR4721420AC,0.0,4.230909,2022-04-11,AUTOMETRO.LV,
DEA2927,0.0,7.719143,2022-04-07,AUTOMETRO.LV,
OEM68188865AA,0.0,41.799143,2022-04-07,AUTOMETRO.LV,
DOR932301,0.0,28.919143,2022-04-07,AUTOMETRO.LV,
MAR5072705AB,0.0,8.389143,2022-04-07,AUTOMETRO.LV,
ANOEM3169,0.0,22.669143,2022-04-07,AUTOMETRO.LV,
MAR68031574AA,0.0,8.869143,2022-04-07,AUTOMETRO.LV,
DEA2928I,0.0,2.509143,2022-04-07,AUTOMETRO.LV,
OEMATF+4,0.0,3.629143,2022-04-07,AUTOMETRO.LV,
AYD52114354AA-B,0.0,7.919143,2022-04-07,AUTOMETRO.LV,
DSP932306,0.0,27.219143,2022-04-07,AUTOMETRO.LV,
OEM5156106AF,0.0,85.629143,2022-04-07,AUTOMETRO.LV,
EM3169-48KIT,0.0,37.779143,2022-04-07,AUTOMETRO.LV,
SG314048KIT,0.0,4.069143,2022-04-07,AUTOMETRO.LV,
VARSUZJ1,0.0,14.149143,2022-04-07,AUTOMETRO.LV,
UPRRU352,0.0,8.409143,2022-04-07,AUTOMETRO.LV,
53013935ABKIT,0.0,3.509143,2022-04-07,AUTOMETRO.LV,
DOR14044,0.0,18.289143,2022-04-07,AUTOMETRO.LV,
STKPS317,0.0,14.159143,2022-04-07,AUTOMETRO.LV,
OEM68088259AB,0.0,6.749143,2022-04-07,AUTOMETRO.LV,
VAR55037790AE,0.0,14.006875,2022-05-12,AUTOMETRO.LV,
55394323AAKIT,1.0,5.036875,2022-05-12,AUTOMETRO.LV,
STK932301,0.0,15.736875,2022-05-12,AUTOMETRO.LV,
OEM525100,0.0,29.746875,2022-05-12,AUTOMETRO.LV,
MAR5072705AB,0.0,8.356875,2022-05-12,AUTOMETRO.LV,
MAR68031574AA,0.0,8.836875,2022-05-12,AUTOMETRO.LV,
DSP932306,0.0,27.186875,2022-05-12,AUTOMETRO.LV,
CAF4897159AA,1.0,5.076875,2022-05-12,AUTOMETRO.LV,
OEMPH16,0.0,6.186875,2022-05-12,AUTOMETRO.LV,
MAR68158444AA,0.0,10.546875,2022-05-12,AUTOMETRO.LV,
OEM10-ECO067,0.0,11.416875,2022-05-12,AUTOMETRO.LV,
MAR52101278AB,0.0,4.956875,2022-05-12,AUTOMETRO.LV,
MAR5139836AB,0.0,3.156875,2022-05-12,AUTOMETRO.LV,
SG314048KIT,0.0,4.036875,2022-05-12,AUTOMETRO.LV,
WES2948,0.0,16.556875,2022-05-12,AUTOMETRO.LV,
OEM4318060AD,0.0,5.636875,2022-05-12,AUTOMETRO.LV,
DOR14044,0.0,18.156875,2022-05-12,AUTOMETRO.LV,
ACD12345982KIT_IT,0.0,14.156875,2022-05-12,AUTOMETRO.LV,
VAR4721420AC,0.0,3.736875,2022-05-12,AUTOMETRO.LV,
VARSUZJ1KIT,0.0,27.656875,2022-05-12,AUTOMETRO.LV,
5066780AAKIT,0.0,64.416875,2022-05-12,AUTOMETRO.LV,
OEM5W20,0.0,4.891389,2022-06-20,AUTOMETRO.LV,
STK932301,0.0,15.634186,2022-06-10,AUTOMETRO.LV,
ANOEM3169,0.0,22.731389,2022-06-20,AUTOMETRO.LV,
WES2948,0.0,16.454186,2022-06-10,AUTOMETRO.LV,
MAR5072705AB,0.0,8.254186,2022-06-10,AUTOMETRO.LV,
MAR5142601AA,0.0,11.884186,2022-06-10,AUTOMETRO.LV,
MAR5083288AA,0.0,14.254186,2022-06-10,AUTOMETRO.LV,
MAR68031574AA,0.0,8.734186,2022-06-10,AUTOMETRO.LV,
MAR68028074AA,0.0,8.734186,2022-06-10,AUTOMETRO.LV,
VAR5066768AA,0.0,34.561389,2022-06-20,AUTOMETRO.LV,
VAR5080482AB,0.0,5.061389,2022-06-20,AUTOMETRO.LV,
VAR52080262AA,0.0,18.201389,2022-06-20,AUTOMETRO.LV,
DSP932306,0.0,27.261389,2022-06-20,AUTOMETRO.LV,
UPR525118,0.0,30.191389,2022-06-20,AUTOMETRO.LV,
MAR5184651AF,0.0,6.014186,2022-06-10,AUTOMETRO.LV,
ANO2849,0.0,7.824186,2022-06-10,AUTOMETRO.LV,
VARSUZJ1,0.0,17.191389,2022-06-20,AUTOMETRO.LV,
VARSUZJ1KIT,0.0,27.554186,2022-06-10,AUTOMETRO.LV,
MAR5139836AB,0.0,3.251389,2022-06-20,AUTOMETRO.LV,
DOR14044,0.0,20.811389,2022-06-20,AUTOMETRO.LV,
VAR52101277AA,0.0,1.634186,2022-06-10,AUTOMETRO.LV,
OEM4318060AD,0.0,7.971389,2022-06-20,AUTOMETRO.LV,
GRTPSS3,0.0,15.094186,2022-06-10,AUTOMETRO.LV,
UPRRU352,0.0,8.471389,2022-06-20,AUTOMETRO.LV,
PWSPS317,0.0,6.571389,2022-06-20,AUTOMETRO.LV,
VAR4721420AC,0.0,3.814186,2022-06-10,AUTOMETRO.LV,
VARLIFTKIT13-6P,0.0,43.491389,2022-06-20,AUTOMETRO.LV,
OEM4891898AB,0.0,40.941389,2022-06-20,AUTOMETRO.LV,
VAR55037730AD,0.0,15.641389,2022-06-20,AUTOMETRO.LV,
OEM53013672AE,0.0,94.931389,2022-06-20,AUTOMETRO.LV,
2947-8-9KIT,0.0,55.871389,2022-06-20,AUTOMETRO.LV,
75W140X3ADDX2KIT,0.0,32.151389,2022-06-20,AUTOMETRO.LV,
ENT932301,0.0,13.461389,2022-06-20,AUTOMETRO.LV,
OEM4318060ADX2KIT,1.0,15.171389,2022-06-20,AUTOMETRO.LV,
VARLIFTKIT7-7,0.0,36.551389,2022-06-20,AUTOMETRO.LV,
294KIT,0.0,32.571389,2022-06-20,AUTOMETRO.LV,
OEM68090693AA,0.0,53.231389,2022-06-20,AUTOMETRO.LV,
52101277ABKIT,0.0,6.211389,2022-06-20,AUTOMETRO.LV,
VAR68027600AAX16KIT,0.0,60.991389,2022-06-20,AUTOMETRO.LV,
41188KIT,0.0,3.271389,2022-06-20,AUTOMETRO.LV,
3459KIT,0.0,4.551389,2022-06-20,AUTOMETRO.LV,
STK53133329,0.0,5.301389,2022-06-20,AUTOMETRO.LV,
VAR68027600AA,0.0,4.441389,2022-06-20,AUTOMETRO.LV,
DEA2927,0.0,7.905652,2022-07-15,AUTOMETRO.LV,
VARSUZJ1,0.0,17.315652,2022-07-15,AUTOMETRO.LV,
PWSPS317,0.0,6.695652,2022-07-15,AUTOMETRO.LV,
ANO2849,0.0,8.545652,2022-07-15,AUTOMETRO.LV,
OEM4318060AD,0.0,8.045652,2022-07-15,AUTOMETRO.LV,
5066780AAKIT,0.0,64.635652,2022-07-15,AUTOMETRO.LV,
OEM10-ECO067,0.0,12.255652,2022-07-15,AUTOMETRO.LV,
5016796ACKIT,0.0,19.515652,2022-07-15,AUTOMETRO.LV,
VARSUZJ1KIT,1.0,33.835652,2022-07-15,AUTOMETRO.LV,
DSP932306,0.0,27.385652,2022-07-15,AUTOMETRO.LV,
ENT932301,0.0,13.585652,2022-07-15,AUTOMETRO.LV,
VAR5080482AB,0.0,5.185652,2022-07-15,AUTOMETRO.LV,
VMO4883395AA,0.0,4.755652,2022-07-15,AUTOMETRO.LV,
VMO5114348AB,0.0,17.815652,2022-07-15,AUTOMETRO.LV,
UPR525118,0.0,30.315652,2022-07-15,AUTOMETRO.LV,
UPRRU352,0.0,8.595652,2022-07-15,AUTOMETRO.LV,
MAR68158444AA,0.0,10.765652,2022-07-15,AUTOMETRO.LV,
MAR5142601AA,0.0,12.205652,2022-07-15,AUTOMETRO.LV,
K3134-85X2KIT,0.0,11.215652,2022-07-15,AUTOMETRO.LV,
OEM4891898AB,0.0,40.238889,2022-08-08,AUTOMETRO.LV,
WIXFT1122,0.0,5.018889,2022-08-08,AUTOMETRO.LV,
VAR68032203AA,0.0,9.918889,2022-08-08,AUTOMETRO.LV,
HRK7874S,0.0,11.458889,2022-08-08,AUTOMETRO.LV,
MAR68158444AA,0.0,10.638889,2022-08-08,AUTOMETRO.LV,
DSP932306,0.0,27.258889,2022-08-08,AUTOMETRO.LV,
ENT932301,0.0,13.458889,2022-08-08,AUTOMETRO.LV,
ACD12345982KIT_IT,0.0,19.088889,2022-08-08,AUTOMETRO.LV,
WES2948,0.0,17.458889,2022-08-08,AUTOMETRO.LV,
VARSUZJ1KIT,1.0,33.708889,2022-08-08,AUTOMETRO.LV,
UPR525118,0.0,30.188889,2022-08-08,AUTOMETRO.LV,
OEM10-ECO067,0.0,12.288889,2022-08-08,AUTOMETRO.LV,
VAR4721420AC,0.0,3.828889,2022-08-08,AUTOMETRO.LV,
VAR55056639AE,0.0,11.388889,2022-08-08,AUTOMETRO.LV,
OEM4318060AD,0.0,7.918889,2022-08-08,AUTOMETRO.LV,
GRTSC104,1.0,6.808889,2022-08-08,AUTOMETRO.LV,
VARSUZJ1,0.0,17.158889,2022-08-08,AUTOMETRO.LV,
UPRRU352,0.0,8.468889,2022-08-08,AUTOMETRO.LV,
DOR14044,0.0,20.918889,2022-08-08,AUTOMETRO.LV,
DOR924739,0.0,49.998889,2022-08-08,AUTOMETRO.LV,
PWSPS317,0.0,6.568889,2022-08-08,AUTOMETRO.LV,
OEM68090692AB,0.0,186.822917,2022-08-16,AUTOMETRO.LV,
VARLIFTKIT13-6,0.0,51.462917,2022-08-16,AUTOMETRO.LV,
2927-28KIT,0.0,28.572917,2022-08-16,AUTOMETRO.LV,
WES2928,0.0,21.462917,2022-08-16,AUTOMETRO.LV,
MAR68158444AA,0.0,10.832917,2022-08-16,AUTOMETRO.LV,
ACD12345982KIT_IT,0.0,19.282917,2022-08-16,AUTOMETRO.LV,
VAR5175807AA,0.0,28.632917,2022-08-16,AUTOMETRO.LV,
VARH6054E,0.0,6.232917,2022-08-16,AUTOMETRO.LV,
5016796ACKIT,0.0,19.582917,2022-08-16,AUTOMETRO.LV,
VAR5080482AB,0.0,5.252917,2022-08-16,AUTOMETRO.LV,
DOR932301,0.0,28.962917,2022-08-16,AUTOMETRO.LV,
PNZ0W40,1.0,6.312917,2022-08-16,AUTOMETRO.LV,
ASH5080146AA,0.0,17.562917,2022-08-16,AUTOMETRO.LV,
EGL3019I,0.0,14.062917,2022-08-16,AUTOMETRO.LV,
VMO68027611AA,0.0,68.422917,2022-08-16,AUTOMETRO.LV,
OEM68088259AB,0.0,7.682917,2022-08-16,AUTOMETRO.LV,
VAR800722,0.0,5.162917,2022-08-16,AUTOMETRO.LV,
41138KIT,1.0,16.992917,2022-08-16,AUTOMETRO.LV,
OEM4318060AD,0.0,8.332917,2022-08-16,AUTOMETRO.LV,
ACD12345982,0.0,10.072917,2022-08-16,AUTOMETRO.LV,
SMPLS201,0.0,21.222917,2022-08-16,AUTOMETRO.LV,
VAR4721420AC,0.0,4.092917,2022-08-16,AUTOMETRO.LV,
KCT905KIT,0.0,53.647308,2022-08-16,AUTOMETRO.LV,
OEMCA7440,0.0,8.927308,2022-08-16,AUTOMETRO.LV,
VARSUZJ1KIT,1.0,33.727308,2022-08-16,AUTOMETRO.LV,
VAR5175807AA,0.0,36.457308,2022-08-16,AUTOMETRO.LV,
AYDES3609,0.0,4.247308,2022-08-16,AUTOMETRO.LV,
MAR68028074AA,0.0,8.947308,2022-08-16,AUTOMETRO.LV,
VARCH1310142,0.0,28.127308,2022-08-16,AUTOMETRO.LV,
VAR68188865AA,0.0,25.807308,2022-08-16,AUTOMETRO.LV,
VARGA1101,0.0,23.107308,2022-08-16,AUTOMETRO.LV,
EGL2572,0.0,3.777308,2022-08-16,AUTOMETRO.LV,
WKDIFFBUSHKIT,0.0,11.777308,2022-08-16,AUTOMETRO.LV,
ENTES3474,0.0,6.847308,2022-08-16,AUTOMETRO.LV,
MARK3201,1.0,5.537308,2022-08-16,AUTOMETRO.LV,
VAR5179360AB,0.0,25.057308,2022-08-16,AUTOMETRO.LV,
BAWEV405,0.0,7.707308,2022-08-16,AUTOMETRO.LV,
MAR68040371AA,0.0,3.267308,2022-08-16,AUTOMETRO.LV,
MOP68463265AA,1.0,6.357308,2022-08-16,AUTOMETRO.LV,
VARPC625,1.0,8.517308,2022-08-16,AUTOMETRO.LV,
EM973X4KIT,0.0,15.687308,2022-08-16,AUTOMETRO.LV,
VARMS93219,0.0,1.777308,2022-08-16,AUTOMETRO.LV,
RDX53133329,0.0,4.907308,2022-08-16,AUTOMETRO.LV,
GRTAC420,1.0,10.197308,2022-08-16,AUTOMETRO.LV,
VMO5066806AA,0.0,2.697308,2022-08-16,AUTOMETRO.LV,
VARLP043,1.0,2.707308,2022-08-16,AUTOMETRO.LV,
VARALS1923,0.0,6.277308,2022-08-16,AUTOMETRO.LV,
UPROS30693R,0.0,11.827308,2022-08-16,AUTOMETRO.LV,
5016796ACKIT,0.0,10.579286,2022-09-07,AUTOMETRO.LV,
MAR68028074AA,0.0,9.479286,2022-09-07,AUTOMETRO.LV,
MAR68031574AA,0.0,9.479286,2022-09-07,AUTOMETRO.LV,
MAR68045469AA,0.0,12.639286,2022-09-07,AUTOMETRO.LV,
DEA2928I,0.0,3.119286,2022-09-07,AUTOMETRO.LV,
DOR932301,0.0,29.319286,2022-09-07,AUTOMETRO.LV,
BGATBK465,1.0,46.629286,2022-09-07,AUTOMETRO.LV,
DEA2927,0.0,8.329286,2022-09-07,AUTOMETRO.LV,
OEM525100,0.0,31.199286,2022-09-07,AUTOMETRO.LV,
OEM10-ECO067,0.0,13.079286,2022-09-07,AUTOMETRO.LV,
OEM4318060AD,0.0,8.759286,2022-09-07,AUTOMETRO.LV,
OEM4668725AE,0.0,176.027222,2022-09-15,AUTOMETRO.LV,
STKFT1214,0.0,4.687222,2022-09-15,AUTOMETRO.LV,
VAR5038786AB,0.0,34.167222,2022-09-15,AUTOMETRO.LV,
AYD68223716AB,0.0,3.447222,2022-09-15,AUTOMETRO.LV,
DAYTBK465,1.0,58.737222,2022-09-15,AUTOMETRO.LV,
ANO3145,0.0,28.627222,2022-09-15,AUTOMETRO.LV,
ES3571KIT,0.0,8.257222,2022-09-15,AUTOMETRO.LV,
27CRDFPKIT,0.0,39.107222,2022-09-15,AUTOMETRO.LV,
UPR525129,0.0,24.987222,2022-09-15,AUTOMETRO.LV,
K200216KIT,1.0,2.497222,2022-09-15,AUTOMETRO.LV,
K80264KIT,0.0,9.257222,2022-09-15,AUTOMETRO.LV,
TS633-68045469AAKIT,0.0,14.517222,2022-09-15,AUTOMETRO.LV,
AYDK7411,0.0,5.137222,2022-09-15,AUTOMETRO.LV,
STKES3173,1.0,4.067222,2022-09-15,AUTOMETRO.LV,
ASH30-00-007,0.0,4.607222,2022-09-15,AUTOMETRO.LV,
STKUF97,1.0,8.567222,2022-09-15,AUTOMETRO.LV,
610474X5KIT,1.0,5.907222,2022-09-15,AUTOMETRO.LV,
VARALS1398,1.0,6.597222,2022-09-15,AUTOMETRO.LV,
551358KIT,0.0,12.709412,2022-09-15,AUTOMETRO.LV,
VAR52089501AA,0.0,20.539412,2022-09-15,AUTOMETRO.LV,
VAR52089501HD,0.0,43.654348,2022-09-27,AUTOMETRO.LV,
75W140X3ADDX2,1.0,32.274348,2022-09-27,AUTOMETRO.LV,
OEM68188865AA,0.0,41.934348,2022-09-27,AUTOMETRO.LV,
MAR68045469AA,0.0,12.254348,2022-09-27,AUTOMETRO.LV,
VAR5080482AB,0.0,5.224348,2022-09-27,AUTOMETRO.LV,
OEM52129374AC,0.0,52.484348,2022-09-27,AUTOMETRO.LV,
OEM55157397AB,0.0,35.864348,2022-09-27,AUTOMETRO.LV,
VARH6054E,0.0,6.204348,2022-09-27,AUTOMETRO.LV,
ASH5072440AB,0.0,27.114348,2022-09-27,AUTOMETRO.LV,
UPRES3475,0.0,6.454348,2022-09-27,AUTOMETRO.LV,
OEM4318060ADX2KIT,1.0,14.934348,2022-09-27,AUTOMETRO.LV,
ES3472ES3473KIT,0.0,11.154348,2022-09-27,AUTOMETRO.LV,
VAR5179360AB,0.0,25.854348,2022-09-27,AUTOMETRO.LV,
VAR626-305,1.0,18.944348,2022-09-27,AUTOMETRO.LV,
VAR5066901AA,0.0,8.254348,2022-09-27,AUTOMETRO.LV,
OEM3318KIT,0.0,14.434348,2022-09-27,AUTOMETRO.LV,
VMO4863833,1.0,2.554348,2022-09-27,AUTOMETRO.LV,
VAR5080460AA,0.0,7.504348,2022-09-27,AUTOMETRO.LV,
LP043X4,1.0,8.914348,2022-09-27,AUTOMETRO.LV,
VAR4720277AA,0.0,2.694348,2022-09-27,AUTOMETRO.LV,
VAR4721420AC,0.0,3.994348,2022-09-27,AUTOMETRO.LV,
OEMPH16,0.0,6.704348,2022-09-27,AUTOMETRO.LV,
BGATBK465,0.0,46.322,2022-10-06,AUTOMETRO.LV,
MAR5142601AA,0.0,12.322,2022-10-06,AUTOMETRO.LV,
MAR68031574AA,0.0,9.172,2022-10-06,AUTOMETRO.LV,
ENT932301,0.0,16.272,2022-10-06,AUTOMETRO.LV,
VAR5179360AB,0.0,26.822,2022-10-06,AUTOMETRO.LV,
WES2948,0.0,21.132,2022-10-06,AUTOMETRO.LV,
ENTES3474,0.0,7.072,2022-10-06,AUTOMETRO.LV,
DEA2927,0.0,8.022,2022-10-06,AUTOMETRO.LV,
VAR5066768AA,0.0,38.012,2022-10-06,AUTOMETRO.LV,
VAR5080529AD,1.0,6.292,2022-10-06,AUTOMETRO.LV,
PWSPS317,0.0,6.812,2022-10-06,AUTOMETRO.LV,
OEM4318060AD,0.0,8.002,2022-10-06,AUTOMETRO.LV,
5066780AAKIT,0.0,64.752,2022-10-06,AUTOMETRO.LV,
2948-49KIT,0.0,41.3104,2022-10-31,AUTOMETRO.LV,
DAYTBK465KIT,0.0,65.8404,2022-10-31,AUTOMETRO.LV,
MAR68031574AA,0.0,9.0404,2022-10-31,AUTOMETRO.LV,
VAR5093890AA,0.0,25.6304,2022-10-31,AUTOMETRO.LV,
ENT68045469AA,0.0,28.6904,2022-10-31,AUTOMETRO.LV,
OEM68020552AA,0.0,114.9804,2022-10-31,AUTOMETRO.LV,
AYDK3134-85SET,0.0,6.0404,2022-10-31,AUTOMETRO.LV,
UPRES3675,1.0,5.4904,2022-10-31,AUTOMETRO.LV,
AYDES3474,0.0,5.5104,2022-10-31,AUTOMETRO.LV,
UPRES3624,1.0,5.1704,2022-10-31,AUTOMETRO.LV,
UPRES3676,1.0,6.4704,2022-10-31,AUTOMETRO.LV,
RDXSC2928,0.0,16.6204,2022-10-31,AUTOMETRO.LV,
AYDES3398,0.0,3.6404,2022-10-31,AUTOMETRO.LV,
AYDEV800584,0.0,4.2704,2022-10-31,AUTOMETRO.LV,
AYDK80894,0.0,4.5404,2022-10-31,AUTOMETRO.LV,
GRTPSS3,0.0,14.5704,2022-10-31,AUTOMETRO.LV,
41138X5KIT,0.0,5.3804,2022-10-31,AUTOMETRO.LV,
MOPLICENSLAMP1R,1.0,7.2504,2022-10-31,AUTOMETRO.LV,
OEM55055278,0.0,45.2604,2022-10-31,AUTOMETRO.LV,
OEM52079881,0.0,8.8604,2022-10-31,AUTOMETRO.LV,
VMO5066806AA,0.0,2.7904,2022-10-31,AUTOMETRO.LV,
VAR5080529AD,1.0,6.3504,2022-10-31,AUTOMETRO.LV,
OEM3318X4KIT,1.0,7.5804,2022-10-31,AUTOMETRO.LV,
OEM55157449AA,0.0,9.7104,2022-10-31,AUTOMETRO.LV,
NAT714675,1.0,5.4504,2022-10-31,AUTOMETRO.LV,
ANO2949,1.0,19.9425,2022-11-10,AUTOMETRO.LV,
AYD5105271AA,1.0,8.1225,2022-11-10,AUTOMETRO.LV,
UPRES3475,0.0,6.2225,2022-11-10,AUTOMETRO.LV,
MAR68028074AA,0.0,8.8625,2022-11-10,AUTOMETRO.LV,
MAR68031574AA,0.0,8.8625,2022-11-10,AUTOMETRO.LV,
MAR5072705AB,0.0,8.3825,2022-11-10,AUTOMETRO.LV,
MAR68045469AA,0.0,12.0225,2022-11-10,AUTOMETRO.LV,
TS633-68045469AAKIT,0.0,14.0625,2022-11-10,AUTOMETRO.LV,
VAR5066768AA,0.0,37.7025,2022-11-10,AUTOMETRO.LV,
VAR52080262AA,0.0,18.1525,2022-11-10,AUTOMETRO.LV,
VAR68032203AA,0.0,9.8525,2022-11-10,AUTOMETRO.LV,
VMO5114348AB,0.0,17.9225,2022-11-10,AUTOMETRO.LV,
OEM10-ECO067,0.0,12.3725,2022-11-10,AUTOMETRO.LV,
OEMPH16,0.0,6.3725,2022-11-10,AUTOMETRO.LV,
WIXFT1122,1.0,4.9525,2022-11-10,AUTOMETRO.LV,
STK2928,0.0,13.7525,2022-11-10,AUTOMETRO.LV,
VAR4720277AA,0.0,2.4625,2022-11-10,AUTOMETRO.LV,
VAR68027600AA,3.0,4.3725,2022-11-10,AUTOMETRO.LV,
VAR52101277AA,0.0,1.8225,2022-11-10,AUTOMETRO.LV,
VARSUZJ1,0.0,17.9125,2022-11-10,AUTOMETRO.LV,
PWSPS317,0.0,6.5025,2022-11-10,AUTOMETRO.LV,
VAR4721420AC,0.0,3.8425,2022-11-10,AUTOMETRO.LV,
VARH6054E,0.0,6.574,2022-11-25,AUTOMETRO.LV,
VAR3393SC,0.0,46.794,2022-11-25,AUTOMETRO.LV,
VARSP5139B3424KIT,0.0,35.644,2022-11-25,AUTOMETRO.LV,
OEM68029592AC,1.0,2.614,2022-11-25,AUTOMETRO.LV,
UPR3152,0.0,7.704,2022-11-25,AUTOMETRO.LV,
VAR68064948AA,1.0,17.384,2022-11-25,AUTOMETRO.LV,
UPRK7383,0.0,6.324,2022-11-25,AUTOMETRO.LV,
UPRK6541,1.0,5.434,2022-11-25,AUTOMETRO.LV,
UPR604029,0.0,8.624,2022-11-25,AUTOMETRO.LV,
VMO4720662,1.0,46.524,2022-11-25,AUTOMETRO.LV,
OEMPH2,1.0,5.324,2022-11-25,AUTOMETRO.LV,
ASHUF97,1.0,7.634,2022-11-25,AUTOMETRO.LV,
PWSPS317,0.0,6.684,2022-11-25,AUTOMETRO.LV,
VARSUZJ1,0.0,18.094,2022-11-25,AUTOMETRO.LV,
VARNY61R,1.0,24.194,2022-11-25,AUTOMETRO.LV,
UPRVS50504R1,1.0,6.024,2022-11-25,AUTOMETRO.LV,
VAR52101277AA,0.0,2.004,2022-11-25,AUTOMETRO.LV,
OEMPC484,1.0,24.154,2022-11-25,AUTOMETRO.LV,
VAR800722X2KIT,1.0,9.384,2022-11-25,AUTOMETRO.LV,
VAR4882584AA,1.0,15.034,2022-11-25,AUTOMETRO.LV,
VARPC104,1.0,14.974,2022-11-25,AUTOMETRO.LV,
MS251143KIT,0.0,13.926522,2022-12-02,AUTOMETRO.LV,
K200160KIT,0.0,3.046522,2022-12-02,AUTOMETRO.LV,
OEM68028832,1.0,8.386522,2022-12-02,AUTOMETRO.LV,
MAR4792612AB,1.0,3.056522,2022-12-02,AUTOMETRO.LV,
VARLIFTKIT101,0.0,17.656522,2022-12-02,AUTOMETRO.LV,
VARLIFTKIT207,1.0,20.616522,2022-12-02,AUTOMETRO.LV,
OEM68018555AA,1.0,27.866522,2022-12-02,AUTOMETRO.LV,
OEM4800696AA,1.0,25.906522,2022-12-02,AUTOMETRO.LV,
AYD52114354AA-B,0.0,8.136522,2022-12-02,AUTOMETRO.LV,
DEA905972,0.0,7.046522,2022-12-02,AUTOMETRO.LV,
DSPCVJ060,1.0,35.536522,2022-12-02,AUTOMETRO.LV,
MAR20-1012,1.0,32.616522,2022-12-02,AUTOMETRO.LV,
OEM53034095AA,1.0,22.746522,2022-12-02,AUTOMETRO.LV,
GRTDR323,1.0,2.506522,2022-12-02,AUTOMETRO.LV,
GRTLS205,0.0,4.816522,2022-12-02,AUTOMETRO.LV,
UPREV119,1.0,1.706522,2022-12-02,AUTOMETRO.LV,
OEM5184296AH,1.0,8.646522,2022-12-02,AUTOMETRO.LV,
OEM4318005,1.0,3.436522,2022-12-02,AUTOMETRO.LV,
MAR5093924AB,0.0,14.796522,2022-12-02,AUTOMETRO.LV,
MARALS220,0.0,5.036522,2022-12-02,AUTOMETRO.LV,
MAR68239720AB,0.0,10.776522,2022-12-02,AUTOMETRO.LV,
BGA4773712,1.0,5.606522,2022-12-02,AUTOMETRO.LV,
GRTJR193,1.0,5.456522,2022-12-02,AUTOMETRO.LV,
MAR68045469AA,0.0,12.1875,2022-12-20,AUTOMETRO.LV,
MAR5142601AA,0.0,12.1775,2022-12-20,AUTOMETRO.LV,
MAR68028074AA,0.0,9.0275,2022-12-20,AUTOMETRO.LV,
MAR68031574AA,0.0,9.0275,2022-12-20,AUTOMETRO.LV,
DSP932306,0.0,26.7075,2022-12-20,AUTOMETRO.LV,
ANO2948,0.0,9.7675,2022-12-20,AUTOMETRO.LV,
WES2948,0.0,21.6775,2022-12-20,AUTOMETRO.LV,
EGL2572,0.0,3.8575,2022-12-20,AUTOMETRO.LV,
AYDK201551,1.0,2.3075,2022-12-20,AUTOMETRO.LV,
K3134-85X2KIT,0.0,11.2875,2022-12-20,AUTOMETRO.LV,
MAR48718,0.0,5.6275,2022-12-20,AUTOMETRO.LV,
VAR5093890AA,0.0,25.6175,2022-12-20,AUTOMETRO.LV,
VAR5066768AA,0.0,37.8675,2022-12-20,AUTOMETRO.LV,
VAR52080262AA,0.0,19.0975,2022-12-20,AUTOMETRO.LV,
OEMPH16,0.0,3.7975,2022-12-20,AUTOMETRO.LV,
MAR68027602AA,0.0,4.0675,2022-12-20,AUTOMETRO.LV,
OEM10-ECO067,0.0,12.6675,2022-12-20,AUTOMETRO.LV,
MAR5139836AB,0.0,3.3475,2022-12-20,AUTOMETRO.LV,
VARSUZJ1,0.0,18.0775,2022-12-20,AUTOMETRO.LV,
VARSUZJ1KIT,1.0,35.3875,2022-12-20,AUTOMETRO.LV,
VAR800722,0.0,5.0075,2022-12-20,AUTOMETRO.LV,
503911-TBK465KIT,1.0,80.131,2022-12-20,AUTOMETRO.LV,
VAR5066768AA,0.0,37.801,2022-12-20,AUTOMETRO.LV,
VAR5080482AB,0.0,5.091,2022-12-20,AUTOMETRO.LV,
DAYK060960HD,0.0,8.381,2022-12-20,AUTOMETRO.LV,
DEA2928I,0.0,2.601,2022-12-20,AUTOMETRO.LV,
27CRDFPKIT,0.0,26.971,2022-12-20,AUTOMETRO.LV,
ENT932301,0.0,15.771,2022-12-20,AUTOMETRO.LV,
MAR5142601AA,0.0,12.111,2022-12-20,AUTOMETRO.LV,
VAR52080262AA,0.0,18.231,2022-12-20,AUTOMETRO.LV,
MAR68045469AA,0.0,12.121,2022-12-20,AUTOMETRO.LV,
RDX52080262AA,0.0,15.791,2022-12-20,AUTOMETRO.LV,
MAR48718,0.0,5.561,2022-12-20,AUTOMETRO.LV,
DOR932301,0.0,30.931,2022-12-20,AUTOMETRO.LV,
VMO5166925AB,1.0,70.341,2022-12-20,AUTOMETRO.LV,
OEM5156106AF,0.0,88.431,2022-12-20,AUTOMETRO.LV,
ASH5086581AA,0.0,41.981,2022-12-20,AUTOMETRO.LV,
MAR68028074AA,0.0,8.961,2022-12-20,AUTOMETRO.LV,
VMO68027611AB,0.0,71.731,2022-12-20,AUTOMETRO.LV,
EGL3019I,0.0,12.691,2022-12-20,AUTOMETRO.LV,
OEM10-ECO067,0.0,12.601,2022-12-20,AUTOMETRO.LV,
ENT513058,0.0,8.251,2022-12-20,AUTOMETRO.LV,
52101277ABKIT,0.0,6.631,2022-12-20,AUTOMETRO.LV,
MAR52101278AB,0.0,5.421,2022-12-20,AUTOMETRO.LV,
K3134-85X2KIT,0.0,11.221,2022-12-20,AUTOMETRO.LV,
MAR5139836AB,0.0,3.281,2022-12-20,AUTOMETRO.LV,
GRTLS201,0.0,8.111,2022-12-20,AUTOMETRO.LV,
VAR5080460AA,0.0,2.681,2022-12-20,AUTOMETRO.LV,
VMO68092301AA,0.0,41.821,2022-12-20,AUTOMETRO.LV,
VAR800722,0.0,5.031,2022-12-20,AUTOMETRO.LV,
3459KIT,0.0,4.78,2022-12-20,AUTOMETRO.LV,
MAR14044PRKIT,0.0,2.97,2022-12-20,AUTOMETRO.LV,
75W140X3ADDX2KIT,0.0,27.77,2022-12-20,AUTOMETRO.LV,
FT1214X8KIT,0.0,32.26,2022-12-20,AUTOMETRO.LV,
5066780AAKIT,0.0,65.0,2022-12-20,AUTOMETRO.LV,
3019IX2KIT,1.0,5.03,2022-12-20,AUTOMETRO.LV,
